,0
0,0
1,0
2,0
3,0
4,0
5,0
6,0
7,0
8,0
9,0
10,0
11,0
12,0
13,0
14,0
15,0
16,0
17,0
18,0
19,0
20,0.199953473291821
21,0.00679246403811956
22,0.105403635810533
23,0.183672102091658
24,0.190332285172068
25,0
26,0.0529523222985081
27,0.110645369675615
28,0.189725122303843
29,0.0016966752297753
30,0.0519468419280143
31,0
32,0.148370593443187
33,0.157026648791763
34,0
35,0.260951044488284
36,0.218448069602931
37,0.0985591079633768
38,0.101420388705256
39,0.0983579527089012
40,0.136205267489024
41,0.151447517158725
42,0
43,0.168534693993878
44,0.232220587336423
45,0.110278158664586
46,0.0532180921702609
47,0.0300779074447217
48,0
49,0.0239237022832318
50,0
51,0.0157320744629501
52,0.0541953835444907
53,0
54,0.286294171748444
55,0.196960280325855
56,0
57,0
58,0
59,0
60,0
61,0
62,0
63,0
64,0
65,0
66,0
67,0
68,0
69,0
70,0
71,0
72,0
73,0
74,0
75,0
76,0
77,0
78,0
79,0
80,0
81,0
82,0
83,0
84,0
85,0
86,0
87,0
88,0
89,0
90,0
91,0
92,0
93,0
94,0
95,0
96,0.00925672412780633
97,4.67906321390682
98,0.038682887426273
99,2.29234411811006
100,2.47328148185173
101,0.646206531509489
102,1.05342717270581
103,0
104,0
105,0
106,0
107,0
108,3.44894198352353
109,0.552001471326711
110,1.81567990541276
111,1.40542324639563
112,0.395517086554278
113,1.38025418345674
114,0.353688647007229
115,0
116,0
117,0
118,0
119,0
120,4.54191111604816
121,3.98332046857676
122,0.497755747814927
123,2.97494244165924
124,1.75692789106475
125,1.95754136995843
126,0.831496298766648
127,0.12067403457046
128,0
129,0
130,0
131,0
132,2.99815792132121
133,2.68250061733025
134,2.9201404347726
135,2.78227587740553
136,2.37573441344401
137,0.0840848673096891
138,1.84359679654672
139,2.60570560843338
140,0
141,0
142,0
143,0
144,0.0351697507536231
145,3.30407386327869
146,4.70438949588879
147,2.40815796505352
148,0.336958916225115
149,1.24460531928559
150,2.65888990781746
151,0
152,0
153,0
154,0
155,0.663274720508851
156,5.25868370518384
157,4.40038462136459
158,5.0200488381789
159,1.38757741358059
160,0.518047571894521
161,0.911948922493189
162,1.65832178085556
163,0
164,0
165,0
166,7.7205325953653
167,0
168,4.28290379059769
169,2.87705226459222
170,0.492941660813808
171,0.792825746829924
172,2.68195095165956
173,0.159349297835683
174,0.873054675691372
175,0.0496527678296692
176,0
177,0
178,0
179,0
180,10.5826879948327
181,2.47613406554248
182,2.28173040199204
183,0.0138314276972352
184,0.0850562516549528
185,1.2960489732581
186,0.982626139880649
187,0
188,0
189,0
190,0
191,0
192,13.1507499883294
193,11.3078508480225
194,0.495988475919397
195,0.488045445584833
196,1.48638378962965
197,2.2891107987202
198,2.40125940120877
199,6.87584874307012
200,0
201,0
202,0
203,0
204,6.24885865889781
205,5.70048511759069
206,3.83628248085422
207,1.61861798855761
208,2.86567845655695
209,0.294299553197092
210,1.41447031950984
211,0.112465275136527
212,0
213,0
214,0
215,0
216,3.6862932372489
217,5.75529907427466
218,0.429189338105878
219,1.25561444775479
220,2.84131354278725
221,1.14430359950906
222,2.35528789970474
223,1.77356898727799
224,0
225,0
226,0
227,0
228,0.99009042902895
229,1.61516306835497
230,1.96643093706471
231,0.858444006070208
232,2.55363715815862
233,0.41192317289047
234,2.17059318750222
235,0
236,0
237,0
238,0
239,2.86253660461815
240,2.24932981832832
241,13.6574036000598
242,11.3068749206435
243,4.13957508521554
244,2.09408813481794
245,1.13301122097548
246,1.71394161746366
247,2.85968032324227
248,0
249,0
250,0
251,0
252,2.61058887860925
253,3.1082186334352
254,2.96041776852271
255,1.65980912553055
256,0.758345077301223
257,1.47108100371475
258,0.9760578936875
259,5.99793185526449
260,0
261,0
262,0
263,1.93219445002235
264,13.1998926218589
265,10.1296858255296
266,0.238784397098281
267,2.61546289447571
268,1.38171597442939
269,2.34946885940412
270,0.64671012848423
271,0
272,0
273,0
274,0
275,0
276,0.760019762935581
277,2.32960466735378
278,0.316711394299091
279,2.48403270099646
280,1.41484627477429
281,1.72240129131716
282,0.996713558298579
283,0.940704780111517
284,0
285,0
286,3.24719583360305
287,0
288,3.20538661549738
289,6.61571640274871
290,1.37001285536413
291,1.16684964664523
292,0.544532661785789
293,2.71046475644956
294,2.22358153573279
295,7.83165704382244
296,0
297,0
298,0
299,0
300,2.86762175221717
301,1.3081256909603
302,1.63824647881004
303,0.593115953168521
304,0.313548965118234
305,2.45405586603222
306,2.31935167797159
307,0.317765352985338
308,0
309,0
310,0
311,0
312,1.99845696002885
313,0.473035576462663
314,1.70692668656333
315,2.83550363135433
316,2.36312379681194
317,3.20429745738766
318,2.03864842808048
319,3.83567069795855
320,0
321,0
322,0
323,0
324,7.51044552291494
325,3.62849943357376
326,2.08156516418276
327,2.19608060472928
328,2.56348560404947
329,0.750555736030056
330,2.6199589395296
331,2.36602625856993
332,0
333,0
334,0
335,6.69969781517738
336,2.22226477140663
337,4.08452743484117
338,0.143857182874873
339,2.19310056021628
340,2.4271092056243
341,0.595818683878966
342,2.51196474327649
343,8.60598254016441
344,0
345,0
346,0
347,0
348,0
349,1.03765174318668
350,0.111252971803504
351,1.36156456273049
352,1.55886128236656
353,0.798680716238109
354,2.96271439503257
355,11.3015716252813
356,0
357,0
358,0
359,5.3225953388332
360,13.3784523103848
361,1.79458007672772
362,0.991397034294177
363,0.0248058739600477
364,2.74068798493477
365,0.32659239066911
366,1.87008499208978
367,0
368,0
369,0
370,0
371,0
372,2.75052747509519
373,0.903909998561396
374,4.73260370144046
375,0.298159885730746
376,2.66215713574944
377,1.53206431217569
378,1.84129003119355
379,0.0744445505257534
380,0
381,0
382,0
383,0
384,10.6011745651015
385,15.6269150048965
386,1.40221916497522
387,1.38098857257507
388,2.16048416397105
389,1.66034633851578
390,2.7817186811813
391,5.82389975145265
392,0
393,0
394,0
395,0
396,1.16068226081177
397,6.20278452904894
398,0.548100411436097
399,3.06907198666323
400,0.329670327072753
401,2.90238333577845
402,0.564820948117199
403,0
404,0
405,0
406,0
407,9.00833821334541
408,0
409,1.51110437297074
410,0.646230867386476
411,2.54210338916396
412,0.0290515279953587
413,0.362761644536636
414,0.0332075004648394
415,0
416,0
417,0
418,0
419,0
420,1.00182894138982
421,3.23678422343481
422,1.33056318916649
423,2.0764904239687
424,0.888881182910904
425,2.01846902975391
426,2.40594458341754
427,0.846094676568787
428,0
429,0
430,0
431,0
432,0
433,0.774989169884036
434,7.46339305737008
435,3.77363883161738
436,2.46431502455448
437,2.60598029281466
438,1.2572873469488
439,1.80761998400645
440,0
441,0
442,0
443,0
444,0.132512664075402
445,9.699565161594
446,1.14996119834384
447,3.65815609460144
448,1.23149247749905
449,0.864019869946581
450,2.53295608073363
451,0.581460804393582
452,0
453,0
454,0
455,0
456,9.09600442387889
457,2.62601849236261
458,0.566666061286574
459,1.07890556139125
460,2.48866241425768
461,2.15517872743344
462,4.96820441919511
463,0.40221490955954
464,0
465,0
466,0
467,0
468,6.02657566687178
469,5.46869398699898
470,7.51362794452688
471,1.53311836758642
472,2.32658303388245
473,3.38747957701443
474,4.58021368203807
475,0
476,0
477,0
478,1.17650419629694
479,0
480,0.0581425716392747
481,11.3997053439521
482,2.11042497888284
483,0.611361190834323
484,0.733225535032578
485,0.377235001259328
486,2.94235677724812
487,0
488,0
489,0
490,0
491,0
492,0
493,4.8080136521868
494,2.84374237206931
495,2.33634608574291
496,1.3703430526282
497,0.962767134092197
498,2.28224412039333
499,2.68946175132855
500,0
501,0
502,0
503,0
504,0.258735824679829
505,1.85406400450528
506,0.335819070742358
507,1.52711999249816
508,1.02116087187824
509,0.864126877335047
510,2.89900140888198
511,0
512,0
513,0
514,0
515,0
516,3.02434515180476
517,4.36051095194079
518,5.1664795685799
519,1.98485404336441
520,2.50792791499766
521,1.78344115696541
522,1.82923603102791
523,1.38562047499069
524,0
525,0
526,0
527,0
528,0.0481598502370073
529,6.32260272510554
530,1.57497692380137
531,0.219219014008358
532,2.78362602107577
533,0.46596441161844
534,2.63080238888176
535,1.75985991579817
536,0
537,0
538,0
539,0
540,0
541,0
542,0
543,0
544,0.172326891471284
545,1.37766959454694
546,0.1951749443294
547,3.14195134715218
548,0
549,0
550,0
551,0
552,0
553,5.40728372524504
554,2.45570498505874
555,0.212805140964501
556,2.34033685434833
557,2.61910028425057
558,0.572827774048934
559,0.248313193166574
560,0
561,0
562,0
563,0
564,0
565,5.76456590054938
566,7.62630835589032
567,2.88272696540871
568,0.478890218822012
569,1.13404724768017
570,1.96097088112824
571,0.760712600389182
572,0
573,0
574,0
575,0
576,0
577,15.7318075557269
578,0.946722998677099
579,0.512043533422754
580,2.70614783976866
581,1.89085602311761
582,1.14751691573286
583,0
584,0
585,0
586,1.3699249565782
587,0.297460682127124
588,2.32162627093806
589,0.654165800646241
590,1.96955425581175
591,1.81534034438029
592,0.818857303185056
593,2.18992316961321
594,2.83226551647499
595,0
596,0
597,0
598,0
599,0
600,0.192169795046809
601,4.57912690761854
602,7.97092914544861
603,0.935731999668955
604,3.13711233996776
605,3.00551968689155
606,3.00896087181476
607,3.75298385018159
608,0
609,0
610,0
611,0
612,0
613,5.42108070868171
614,2.28408548560053
615,2.16837732964149
616,2.78249054040294
617,0.290230373941437
618,1.76793430582694
619,4.79803105576737
620,0
621,0
622,0
623,0
624,6.681421289771
625,2.1152887091272
626,1.25633289742534
627,1.10261717404979
628,0.736584651919326
629,1.71227170919444
630,4.62452177919818
631,0.0891397940007045
632,0
633,0
634,0
635,0
636,0
637,6.46556898955924
638,2.91786938477039
639,2.72665074907862
640,0.143859034525727
641,1.18498370220235
642,1.27492862900451
643,18.4539061804968
644,0
645,0
646,0
647,0
648,0.648669553442787
649,6.56498655766052
650,1.82614677544756
651,2.25534245629238
652,2.04658181241435
653,2.72929659788482
654,2.76079844292788
655,0.714831773217588
656,0
657,0
658,0
659,0
660,2.82621707074752
661,7.92437535412507
662,3.23344310145754
663,1.41323082050567
664,3.02244006239236
665,1.07940105271804
666,0.610527625338317
667,1.00725230882699
668,0
669,0
670,0
671,0
672,0
673,2.56279416912411
674,2.29129693695395
675,0.1210006184065
676,1.24113992391978
677,2.99637473022652
678,0.601251551290035
679,0
680,0
681,0
682,0
683,0
684,2.81457417053905
685,4.86684651642857
686,3.63085443514022
687,0.912824615823365
688,2.50625754521378
689,1.2888502884584
690,2.93869624679
691,9.97369875828988
692,0
693,0
694,0
695,0
696,0
697,6.54415019397135
698,0.159329768284984
699,0.273950330707978
700,2.66359643063024
701,1.97050874630431
702,1.43194564935477
703,0
704,0
705,0
706,0
707,0
708,8.47945689932765
709,0.279511847374986
710,0.263428281761437
711,0.218705144371445
712,2.87774712426136
713,0.0960151107254887
714,1.40157045059562
715,0
716,0
717,0
718,0
719,0
720,0.744394526485272
721,3.28819769008342
722,2.57032183652255
723,2.87395404308488
724,1.9300916282381
725,0.108582941587291
726,2.1485021020804
727,0
728,0
729,0
730,0
731,0.177440664061416
732,4.27009925012924
733,2.36101175957109
734,1.85029728518529
735,2.66752374473066
736,2.34162705304319
737,2.07411902558892
738,1.66910663036175
739,0
740,0
741,0
742,0
743,9.44427679536106
744,1.94679346575604
745,0.393798916591886
746,0.492291107573108
747,1.8270083082239
748,0.538698520357966
749,1.84112633868125
750,1.01407056997377
751,0
752,0
753,0
754,0
755,0.973301376741787
756,2.0487008262302
757,3.66674378185895
758,0.97409108328735
759,0.703621767654112
760,1.30951737770091
761,0.112401258872987
762,1.39146694635537
763,1.37366013030211
764,0
765,0
766,0
767,0
768,2.26380795001036
769,7.74147152142743
770,1.14740901771403
771,0.485947889368141
772,0.161448728079918
773,1.84247667417501
774,1.30784749412574
775,2.23458250261413
776,0
777,0
778,0
779,0.208123215112037
780,5.14195307463017
781,0.472493853412673
782,1.17938457467259
783,2.21438928493898
784,0.487003857294442
785,1.08268375417125
786,0.231963355753227
787,1.95437444936688
788,0
789,0
790,0
791,0
792,2.71386284442361
793,5.21100070389636
794,1.42597483798608
795,0.0430036167030701
796,0.366667408224705
797,1.42831216297223
798,1.07578098437332
799,5.0034435655152
800,0
801,0
802,0
803,1.79197823843231
804,2.63978468780868
805,1.81539710960715
806,1.07796107410596
807,0.533581160943673
808,0.0871355340741295
809,1.00855282439158
810,2.31160251625933
811,2.07871074275294
812,0
813,0
814,0
815,0
816,0.888241730731812
817,8.94760667292515
818,1.69183568068052
819,2.47868756740713
820,2.16067113753977
821,1.03820474155182
822,4.10509565655215
823,0.190694135456811
824,0
825,0
826,0
827,0
828,1.57906749505806
829,0.440526882035681
830,1.68191604015566
831,2.68805167240381
832,1.22998871133158
833,0.307763971048529
834,1.08733304230788
835,1.57782236648404
836,0
837,0
838,0
839,0
840,1.16439281031963
841,5.84815573568695
842,1.55658839792696
843,2.85898528454799
844,2.96666964188318
845,1.13910464352758
846,2.91218970254028
847,1.06737071094354
848,0
849,0
850,0
851,0
852,4.34383241174527
853,4.52156658434452
854,2.311077439999
855,2.69859724659355
856,1.02978268115735
857,0.305149457313613
858,2.58801987950991
859,7.06909868426277
860,0
861,0
862,0
863,0
864,1.08736471581356
865,0.970674074438203
866,2.92666014849419
867,1.73342020858877
868,2.98653396493201
869,1.31855022832893
870,0.379800346980988
871,0
872,0
873,0
874,0
875,0
876,1.03714449494511
877,1.56788489317137
878,5.10570696362322
879,0.55227124239898
880,2.00729986932472
881,2.26389796746479
882,1.99612518323367
883,1.90323281975627
884,0
885,0
886,0
887,0
888,1.12508709164379
889,1.33369116208525
890,2.39920670304465
891,1.73660763151503
892,2.72161536135074
893,0.864313958551121
894,1.8938472545207
895,5.94445487747389
896,0
897,0
898,0
899,0
900,4.20140906896771
901,1.22996203218856
902,2.13778424108764
903,1.1763492714251
904,1.09910478340234
905,2.53593409339344
906,0.965150749692366
907,4.03964374368674
908,0
909,0
910,0
911,0
912,1.80035093277484
913,2.68999512447917
914,0.96958717712961
915,2.44063992436267
916,0.818387672569253
917,1.28489401604026
918,1.03300628478425
919,4.88303530364993
920,0
921,0
922,0
923,0.420109836565149
924,3.9372722577963
925,2.97710063978592
926,2.55417905011933
927,0.491433880953941
928,0.299852753211457
929,1.84037536466762
930,0.365703716407595
931,3.55784952936121
932,0
933,0
934,0
935,0
936,9.18891157662956
937,3.29933913576687
938,0.514715256279912
939,0.710076481544295
940,0.21178881985568
941,0.961026085500428
942,1.05203261687447
943,1.32243081735929
944,0
945,0
946,0
947,0
948,5.87677072476762
949,6.33374568757094
950,0.843472645448082
951,2.4085533191386
952,0.261477274187078
953,0.422449656299904
954,1.84058471932943
955,0.170949683698252
956,0
957,0
958,0
959,0
960,1.97226831879679
961,9.39931194155567
962,2.40457816284499
963,0.432502625209699
964,0.618477989590944
965,2.36634000881139
966,2.27954920365414
967,0
968,0
969,0
970,0
971,0
972,3.89774278928519
973,2.55929052638485
974,1.83520793144156
975,2.09652688526554
976,2.38951782867474
977,0.669232597435061
978,2.70370678557427
979,16.4835681737901
980,0
981,0
982,0
983,0
984,3.83517896077219
985,0.473920875030326
986,0.546073035539625
987,0.84522505284668
988,1.90706560814235
989,0.397465708046936
990,2.38536652953917
991,1.01062880844555
992,0
993,0
994,0
995,0
996,1.62921526571544
997,4.02731388914315
998,0.509989835815005
999,2.33837795273871
1000,1.87587186498735
1001,2.28508134712171
1002,0.687292519632914
1003,0
1004,0
1005,0
1006,0
1007,0
1008,6.60733163988986
1009,7.41157394708551
1010,0.0154671325253071
1011,0.848628745672274
1012,0.143228686342014
1013,1.22688581153178
1014,1.62920868957183
1015,0.282914164560794
1016,0
1017,0
1018,0
1019,4.16875612205524
1020,9.80135159482421
1021,8.11382864957474
1022,1.11983614446277
1023,2.09469975126644
1024,1.17577152733685
1025,0.171453514780818
1026,1.16982995847671
1027,5.38652291680942
1028,0
1029,0
1030,0
1031,0
1032,1.68333779760973
1033,0.479217817719183
1034,2.47157746740122
1035,2.79456460673668
1036,2.07342903148495
1037,0.992776525649507
1038,0.678340357052653
1039,2.10011567615906
1040,0
1041,0
1042,0
1043,0.145738995040818
1044,2.94311746620811
1045,7.92430926912905
1046,0.103555010797181
1047,1.86072556711442
1048,0.622875435061495
1049,2.80479761316383
1050,1.696053129726
1051,0
1052,0
1053,0
1054,0
1055,0
1056,2.46365417430444
1057,0.0770897122729705
1058,1.43190921488527
1059,2.04605277131824
1060,3.0265978112428
1061,2.30212110800129
1062,0.00233185011839582
1063,0.347347571938428
1064,0
1065,0
1066,0
1067,0
1068,2.49293705534128
1069,0.184240947072786
1070,0.954381330928227
1071,2.76870831144593
1072,1.3393489129013
1073,2.61178042602456
1074,2.27820970161064
1075,0
1076,0
1077,0
1078,0
1079,0
1080,1.76302372137462
1081,13.3559175037293
1082,7.14822736893719
1083,0.915849365226259
1084,2.24802957125948
1085,1.98896811773378
1086,1.16128272669725
1087,12.2579668286877
1088,0
1089,0
1090,0
1091,0
1092,1.89471262142448
1093,4.41456886183626
1094,3.04979108419751
1095,0.353321700952668
1096,0.7387650033308
1097,1.28741121612752
1098,0.48222996898886
1099,0
1100,0
1101,0
1102,0
1103,0
1104,1.69168060437715
1105,2.14181050420867
1106,0.578520894865619
1107,1.46765283863295
1108,2.46998391571179
1109,2.20397444693317
1110,1.89076317290406
1111,0.523293301443594
1112,0
1113,0
1114,0
1115,0
1116,1.47572065263484
1117,1.84711509221422
1118,0.476665920583287
1119,0.276998644692898
1120,0.26193293892322
1121,2.15740868871328
1122,0.0307737599903921
1123,0.217904148815603
1124,0
1125,0
1126,0
1127,0
1128,2.40037820711492
1129,7.86150557139097
1130,0.721475775677659
1131,0.30929891107161
1132,2.90393267082926
1133,2.64555993347452
1134,2.78474090516241
1135,0
1136,0
1137,1.33273954058833
1138,0
1139,0
1140,4.9527971730545
1141,2.74457768892911
1142,1.55255313454556
1143,2.9079443448904
1144,0.0711845183086635
1145,2.14329243338915
1146,0.101664049728649
1147,1.51053570189413
1148,0
1149,0
1150,0
1151,0
1152,0.683141381575741
1153,0.439529802743498
1154,2.08981303395717
1155,2.517475962666
1156,0.273400562790356
1157,2.20239110741106
1158,0.967691969145889
1159,3.00835042125507
1160,0
1161,0
1162,0
1163,0
1164,2.53855738996561
1165,2.54526503797586
1166,2.31820388438085
1167,2.97063039563091
1168,2.52195021098102
1169,0.547085396900702
1170,2.31767254783502
1171,0
1172,0
1173,0
1174,0
1175,0
1176,10.5507520734805
1177,5.00362231992489
1178,0.668481021768078
1179,0.180536306459309
1180,2.41346103963452
1181,1.39592218731653
1182,0.867425331160652
1183,1.86412416467261
1184,0
1185,0
1186,0
1187,0
1188,1.61497228459964
1189,0.378799513330876
1190,1.05474471161912
1191,2.40902641581926
1192,2.22850109740294
1193,0.795435338490531
1194,2.41575121564767
1195,0.719817950101049
1196,0
1197,0
1198,0
1199,0
1200,2.10358460691534
1201,1.01080323968619
1202,1.02246944456024
1203,0.330503097833454
1204,1.65395757835654
1205,1.89700587267916
1206,0.843809028480998
1207,0
1208,0
1209,0
1210,0
1211,0.297616432170656
1212,0.923814515756883
1213,0.20048370195724
1214,0.0930130343165986
1215,0.461573581345544
1216,1.71946694065771
1217,2.95677094819433
1218,0.267792567367361
1219,0.696047457538521
1220,0
1221,0
1222,0
1223,0.238595394411121
1224,4.38628510018287
1225,1.82806575475573
1226,1.64351508815652
1227,1.83585287289345
1228,1.21248360355725
1229,0.723313219901266
1230,2.17147724197938
1231,0
1232,0
1233,0
1234,0
1235,4.21228277744411
1236,10.2495526932607
1237,0.947535287551138
1238,2.05254819664075
1239,2.77210188681641
1240,0.022912826721921
1241,2.92795993645526
1242,0.729707077306553
1243,0
1244,0
1245,0
1246,0
1247,0
1248,6.44400874489644
1249,0.192900643848928
1250,1.96799233437788
1251,2.18140222747841
1252,1.00899916255579
1253,1.05513461661764
1254,0.121627793298194
1255,0
1256,0
1257,2.05318476026114
1258,0
1259,0
1260,10.6291288998107
1261,2.90300923447932
1262,2.55335555511199
1263,1.90027763684059
1264,1.68348566454527
1265,1.8577387437157
1266,2.57544055957882
1267,0
1268,0
1269,0
1270,0
1271,0
1272,0.999698780096016
1273,1.33839698151096
1274,2.88592471782725
1275,2.81065955601113
1276,2.9055253346618
1277,2.48193164338494
1278,1.37109069191636
1279,0
1280,0
1281,0
1282,0
1283,0
1284,2.88743633403924
1285,1.74106379831823
1286,1.44776333943686
1287,0.0334575098198629
1288,2.43342629651759
1289,1.45219052785254
1290,2.07457360486909
1291,0
1292,0
1293,0
1294,0
1295,0
1296,1.39160110700185
1297,4.95179690240753
1298,1.37850379584003
1299,1.57749709664641
1300,1.27624697320969
1301,0.0481587909457813
1302,0
1303,0
1304,0
1305,0
1306,0.276086262154843
1307,0.0525621019286247
1308,2.9438503978671
1309,0.769691557080282
1310,0.870787986847478
1311,1.25472726090948
1312,2.71831415638249
1313,0.438159674646159
1314,9.81858250407233
1315,0
1316,0
1317,0
1318,0
1319,0
1320,0.523945889395689
1321,6.19180825695204
1322,3.78307240761899
1323,4.16010579445665
1324,2.75145160457862
1325,1.8237834232476
1326,1.73989020758158
1327,1.18523937258346
1328,0
1329,0
1330,0
1331,0
1332,0.946236583949601
1333,1.14992579119628
1334,2.77709553031532
1335,4.91207103488449
1336,0.894768197576901
1337,4.44981649786444
1338,1.75941559262441
1339,0
1340,0
1341,0
1342,0
1343,0.100629325885801
1344,1.14297675159252
1345,2.09597540907618
1346,3.79961127429607
1347,3.20274686783607
1348,2.5161121623747
1349,2.65166578959105
1350,0.0104906727416702
1351,0.0512428261128353
1352,0
1353,0
1354,0
1355,0
1356,1.94920159926329
1357,0.583522719937165
1358,4.28212533212054
1359,3.21443273675117
1360,0.836965147457495
1361,0.385352008464558
1362,0.64464022879218
1363,1.72249801154373
1364,0
1365,0
1366,0
1367,0
1368,2.92619157281511
1369,1.93670368634708
1370,4.0459751566814
1371,4.48556394197193
1372,1.33500579425151
1373,4.74643243487623
1374,1.27484990821658
1375,0
1376,0
1377,0
1378,0
1379,0
1380,4.82063107120583
1381,4.96669631626161
1382,2.79841431721505
1383,1.65286130418435
1384,5.04307535081996
1385,2.15229530929908
1386,0.302868285742836
1387,0
1388,0
1389,0
1390,0
1391,0
1392,0.789436146830744
1393,0.616451246274319
1394,0.176996528775338
1395,3.98341391537535
1396,4.11809943611823
1397,2.00382718380481
1398,2.86672063884429
1399,0
1400,0
1401,0
1402,0
1403,0
1404,5.8253033625683
1405,4.01555148349545
1406,0.576618863118098
1407,1.80862128156961
1408,2.13927238470428
1409,3.2397707359466
1410,1.44143938664852
1411,0
1412,0
1413,0
1414,0
1415,0
1416,4.43558916716977
1417,0.37839350411704
1418,0.37352506292759
1419,0.183568661577388
1420,4.58660461404919
1421,5.18220469511089
1422,1.41774575802406
1423,0
1424,0
1425,0
1426,0
1427,0
1428,3.02952744903649
1429,0.926430329449234
1430,3.03417695111519
1431,3.68345172995162
1432,2.7131847490187
1433,3.76962149355906
1434,5.13242697110646
1435,0
1436,0
1437,0
1438,0
1439,0
1440,2.92762093932085
1441,3.99134592682803
1442,7.29977384303688
1443,7.3107319869055
1444,0.432504582579817
1445,0.83042718699751
1446,2.16719363397409
1447,0.571519723721683
1448,0
1449,0
1450,0
1451,0
1452,0.459796720267337
1453,0.222863544485886
1454,2.16330818318067
1455,4.17179505324238
1456,4.58682509930614
1457,2.51109336235803
1458,1.54076089715401
1459,0
1460,0
1461,0
1462,0
1463,0
1464,1.73210702692129
1465,0.795919071944176
1466,2.7538185368658
1467,3.49492764834389
1468,3.23910765721175
1469,0.323747807792697
1470,0.0875046610174134
1471,3.48733880815575
1472,0
1473,0
1474,0
1475,0
1476,13.5679933353938
1477,3.90341162420318
1478,0.0491921960856851
1479,0.400133985248981
1480,1.25685641469675
1481,4.53062120191951
1482,2.15038087156182
1483,0
1484,0
1485,0
1486,0
1487,0
1488,1.06358490557141
1489,3.52421805243892
1490,1.88113098573119
1491,1.09041179535275
1492,0.305090965635253
1493,1.9619086972165
1494,0.477166776351447
1495,4.9667773753322
1496,0
1497,0
1498,0
1499,0
1500,1.02327614362481
1501,1.43713555295359
1502,1.15723747249247
1503,2.18385316320911
1504,2.15104518591707
1505,2.15715758266932
1506,1.24794020806351
1507,0
1508,0
1509,0
1510,0
1511,2.87523109018742
1512,3.97470404589126
1513,1.6506216610839
1514,2.99311734859411
1515,2.47792421307539
1516,5.12184414342641
1517,4.72188573535377
1518,1.39906440741349
1519,0
1520,0
1521,0
1522,0
1523,0.522390492019255
1524,13.3615053750335
1525,0.360948700014127
1526,4.09028990185154
1527,5.05414177641205
1528,2.04688724708116
1529,0.0955545392109432
1530,2.73931709801281
1531,0
1532,0
1533,0
1534,0
1535,0.516648454033757
1536,3.40047568606912
1537,1.83933179742008
1538,3.97561500632528
1539,2.19180248324594
1540,3.53995828312585
1541,4.09670280999813
1542,0.510257790853481
1543,0
1544,0
1545,0
1546,0
1547,5.90810255651309
1548,14.5559369022576
1549,1.057495338603
1550,4.04179675498499
1551,3.48367229166552
1552,0.90260447567815
1553,2.38758674090018
1554,2.05264068776056
1555,0
1556,0
1557,0
1558,0
1559,0
1560,1.9991390816878
1561,3.32652024856817
1562,4.09794570197249
1563,1.69788382963333
1564,3.61503499768337
1565,1.35572459066921
1566,0.492974312413943
1567,0.440036158006826
1568,0
1569,0
1570,0
1571,0
1572,0.0553394723643996
1573,3.76212680384296
1574,1.26134572708027
1575,0.198272806480773
1576,4.79059085984242
1577,0.237604969543875
1578,0.217787674246096
1579,0
1580,0
1581,0
1582,0
1583,0.0333015124524011
1584,1.1919261234778
1585,6.6988281354819
1586,3.03412313299414
1587,0.0622483079079204
1588,4.1365472447864
1589,1.49369250437153
1590,0.750867478503521
1591,0
1592,0
1593,0
1594,0
1595,0
1596,0.89646994797556
1597,0.437649044876455
1598,5.0068437540959
1599,4.71250282460475
1600,1.82163072541725
1601,2.59639041963988
1602,2.35741967736313
1603,0
1604,0
1605,0
1606,0
1607,0.849072559963883
1608,0.858108432037988
1609,0.90164715356486
1610,5.06737133211353
1611,1.94125753616663
1612,3.15226823575622
1613,1.58234480933088
1614,8.59154977496529
1615,0
1616,0
1617,9.06889314608031
1618,0
1619,0.925685239387702
1620,0.37818223418751
1621,0.0768949108624279
1622,4.69795476112482
1623,4.2147574849075
1624,1.28751222882234
1625,0.964772054875391
1626,1.11505655932811
1627,0
1628,0
1629,0
1630,0
1631,3.51182800903267
1632,10.0771709719908
1633,1.89481684891698
1634,0.815913685061533
1635,5.122685556239
1636,0.326559800688819
1637,0.673795226820042
1638,0
1639,0
1640,0
1641,0
1642,0
1643,0
1644,13.8823967601421
1645,3.57950413439251
1646,0.63415000669518
1647,0.358725062473725
1648,2.31379713703275
1649,1.61069028225674
1650,0.00684413547213539
1651,0
1652,0
1653,0
1654,0
1655,0
1656,4.91667834116559
1657,0.93230184384069
1658,3.75740806486588
1659,2.82796309933511
1660,0.48080584121492
1661,1.77817238266875
1662,1.16049479245505
1663,0
1664,0
1665,0
1666,0
1667,5.5378613100829
1668,6.66188352624675
1669,1.17722683506199
1670,2.69092959339664
1671,0.537067183490546
1672,1.37107692698083
1673,1.24693353275177
1674,8.77040596747867
1675,0
1676,0
1677,0
1678,0
1679,0
1680,10.2132319601291
1681,1.98898943020604
1682,2.19453634201252
1683,2.35009317471516
1684,4.89036680417371
1685,4.28629543149212
1686,1.44014596685571
1687,0
1688,0
1689,5.28561135350602
1690,0
1691,0
1692,0.795101580193061
1693,4.17540837474216
1694,3.33301824696023
1695,2.55973677364172
1696,5.1553699506456
1697,1.40366161288509
1698,2.27371424996544
1699,1.64704677266361
1700,0
1701,0
1702,0
1703,0
1704,7.52401814041249
1705,3.94086862779874
1706,2.30425318408623
1707,3.08462973560085
1708,4.76672170451656
1709,2.73680719122665
1710,1.82774000261675
1711,0
1712,0
1713,0
1714,0
1715,0
1716,1.1169984264389
1717,1.30350823622258
1718,4.87285717375784
1719,4.29972312844065
1720,3.36705324406046
1721,2.63212198852117
1722,0.850972588598742
1723,0
1724,0
1725,0
1726,0
1727,0
1728,4.19864079855527
1729,2.4105269362907
1730,2.96764913432392
1731,1.07884055995613
1732,1.94026259883503
1733,2.9664663613787
1734,0
1735,0
1736,0
1737,0
1738,0
1739,0
1740,6.25011024228761
1741,0.591851653702911
1742,0.405688731266381
1743,0.221222533044554
1744,0
1745,2.89729789400596
1746,0.772746079297237
1747,0
1748,0
1749,0
1750,0
1751,0
1752,1.73739655653261
1753,0.0768996749162064
1754,0.711148839441726
1755,2.82961847543068
1756,0.708478244130435
1757,0.761507266148295
1758,0.039059935066997
1759,0
1760,0
1761,0
1762,0
1763,0
1764,5.40501432714797
1765,1.5659543555998
1766,0.788433861427595
1767,2.70906782731923
1768,0.244332550837827
1769,1.24308274961916
1770,0
1771,0
1772,0
1773,0
1774,0
1775,0
1776,0.656842529025858
1777,0.0750775602388028
1778,2.52576979620854
1779,0.173567528598872
1780,0.309516286514252
1781,1.63053702607322
1782,1.10949292396048
1783,0
1784,0
1785,0
1786,0
1787,0
1788,1.14499982653097
1789,1.93757632806446
1790,1.92827817096787
1791,2.56814037945116
1792,1.48315402294753
1793,1.23307760396291
1794,0
1795,0
1796,0
1797,0
1798,0
1799,0
1800,0.799193845075508
1801,0.503753279172855
1802,2.14651523566806
1803,2.81690133258806
1804,0.438836946014875
1805,1.76496851011074
1806,3.14726032439564
1807,0
1808,0
1809,0
1810,0
1811,0
1812,0.0899922036705832
1813,0.603328489817195
1814,1.86769524815269
1815,2.72705481394702
1816,2.71026647800416
1817,0.19618990110613
1818,1.10629446090863
1819,0
1820,0
1821,0
1822,0
1823,0
1824,4.0769223870064
1825,3.72248834770502
1826,2.81431941183653
1827,2.33000544410071
1828,0.785533799814265
1829,2.95852355774562
1830,0
1831,0
1832,0
1833,0
1834,0
1835,0.189455554876029
1836,5.03973339831849
1837,0.931009092117807
1838,0.766959758257478
1839,2.97335684287642
1840,0.790113529401577
1841,2.03852194686606
1842,0.478123649106213
1843,0
1844,0
1845,0
1846,0
1847,0.499143235266844
1848,4.46250094789284
1849,4.71776084389216
1850,1.81335169734594
1851,2.3263458027789
1852,0.463764940015889
1853,2.67653076339851
1854,0.205480154701787
1855,0
1856,0
1857,0
1858,0
1859,0.410520066286226
1860,1.71067732208072
1861,1.53981064576609
1862,2.83748721464298
1863,1.05029288816295
1864,1.44084090127062
1865,3.22081578905391
1866,0
1867,0
1868,0
1869,0
1870,0
1871,0
1872,2.69470285526265
1873,2.74794320954308
1874,0.0961780212357394
1875,0.256071200027866
1876,1.36948692552727
1877,1.83166509487668
1878,2.80872194300593
1879,0
1880,0
1881,0
1882,0.51211690885767
1883,0
1884,1.51157020917855
1885,2.05375384238065
1886,0.385773952066327
1887,0.89158764952512
1888,0.288508090226304
1889,2.75740588410092
1890,0.566155605387133
1891,0
1892,0
1893,0
1894,0
1895,0
1896,4.89711334364533
1897,0.705281150158514
1898,0.961040003155715
1899,1.14313360264915
1900,2.97945867861964
1901,2.09951334134379
1902,0
1903,0
1904,0
1905,0
1906,0
1907,0
1908,13.3872128162538
1909,0.755755585238544
1910,1.50370908712921
1911,1.13843291088336
1912,1.18115580346754
1913,0.451364625489208
1914,0
1915,0
1916,0
1917,0
1918,0
1919,0
1920,6.63815014319529
1921,1.65755607004422
1922,0.883347648466016
1923,3.00176431656483
1924,1.26583140643662
1925,2.70133260360806
1926,1.28076427703851
1927,0
1928,0
1929,0
1930,0
1931,0.874660371394866
1932,5.01211026668313
1933,0.0644726759504632
1934,0.592806967902112
1935,0.60245775971826
1936,2.85436200177358
1937,2.44634166423204
1938,0.205852450284792
1939,0
1940,0
1941,0
1942,0
1943,0
1944,0.772873924950166
1945,1.5962102115677
1946,3.37426325363321
1947,3.11929454097291
1948,0.864108818567651
1949,1.54361320759258
1950,0.0687253528312606
1951,0
1952,0
1953,0
1954,0.0760117004350392
1955,0
1956,6.45905193671657
1957,2.39483948470177
1958,3.68006522301888
1959,2.83954099031662
1960,3.61063811750643
1961,0.288988490645222
1962,0.541001402135164
1963,0
1964,0
1965,0
1966,0
1967,0
1968,4.73712437656919
1969,2.76417458443572
1970,0.202269804771082
1971,2.05437604895606
1972,2.32432269683733
1973,1.23590732854102
1974,2.1648521587017
1975,0
1976,0
1977,0
1978,0
1979,0.0777715747609361
1980,7.26632633628837
1981,4.35948216819703
1982,2.96445142558316
1983,4.675184865211
1984,2.01972842392327
1985,5.13008326978885
1986,2.69650219243946
1987,0
1988,0
1989,0.45135810062598
1990,0
1991,0.762148709558066
1992,4.10623455448748
1993,5.14003387177874
1994,1.60127042793167
1995,3.9379440921546
1996,3.57694323585383
1997,0.116171097723584
1998,0
1999,0
2000,0
2001,0
2002,0
2003,0
2004,4.2029144870089
2005,0.648096208223218
2006,2.62287024439751
2007,1.16791950853748
2008,1.94331323923836
2009,0.919268669514059
2010,0
2011,0
2012,0
2013,0
2014,0.588715708578193
2015,2.44651859617083
2016,3.95137203448605
2017,2.08049032564525
2018,1.51236423926168
2019,1.98570921365828
2020,0.961335782978514
2021,0.23745682149111
2022,0
2023,0
2024,0
2025,0
2026,0
2027,0
2028,5.46357162920877
2029,1.63955483647092
2030,0.946244121371481
2031,0.45405050184374
2032,2.33405699182992
2033,1.00117602548937
2034,0.791765850674197
2035,0
2036,0
2037,0
2038,0
2039,0
2040,12.2965962496382
2041,1.53440514864052
2042,1.81105885429693
2043,0.865085845609528
2044,2.26244312274366
2045,1.26417561865317
2046,0.213515465691594
2047,0
2048,0
2049,0.290477612116477
2050,0
2051,0
2052,8.60550038243766
2053,1.24934285632818
2054,1.6887700329876
2055,0.0909613417206658
2056,0.989240656080113
2057,2.01107616002285
2058,3.09952112076742
2059,0
2060,0
2061,0
2062,0
2063,0
2064,0.734547557859178
2065,1.71037402569599
2066,1.84276971983398
2067,1.34798138140433
2068,3.0187730934419
2069,0.996963716201814
2070,1.82284597780263
2071,0
2072,0
2073,0
2074,0
2075,0
2076,4.49383800717692
2077,0
2078,0.072003727764878
2079,1.7457003298278
2080,0.0350861031042172
2081,2.35124459762729
2082,0.705579663502416
2083,0
2084,0
2085,1.07037050233145
2086,0
2087,0
2088,4.27018495542128
2089,0.801983560964292
2090,0.670411528826968
2091,0.0155827452899094
2092,1.14552318878341
2093,2.67241666205312
2094,0.601246849154794
2095,0
2096,0
2097,0
2098,0
2099,0.451645862036921
2100,8.98755431978851
2101,0.30308918784701
2102,2.40630697821876
2103,0.484623462610038
2104,2.5288323105912
2105,2.36120099809774
2106,0
2107,0
2108,0
2109,0
2110,0
2111,0
2112,3.92080832344252
2113,0.629420964899065
2114,0.133562293020435
2115,0
2116,0.396746672351271
2117,0.679646019080669
2118,0.211456061483763
2119,0
2120,0
2121,0
2122,0
2123,0
2124,1.3758863697463
2125,2.5000434998478
2126,0.391944778319511
2127,1.32519039062957
2128,1.42580310580483
2129,4.4798656504058
2130,0.215217274176987
2131,0
2132,0
2133,0
2134,0
2135,0.0595822934985079
2136,3.87115076803826
2137,1.9041341451643
2138,2.43456016128756
2139,5.88509712946727
2140,4.56704951243617
2141,5.08530248650677
2142,0.0559792957650883
2143,0
2144,0
2145,0
2146,0
2147,3.60600990980313
2148,2.93612389724126
2149,0.304729565971016
2150,2.95195130666238
2151,1.96894428457555
2152,2.165654797662
2153,0.457219246605542
2154,0
2155,1.32291165340544
2156,0
2157,0
2158,0
2159,0
2160,10.3123288883808
2161,1.72569098395867
2162,1.22093299429322
2163,1.40980991608953
2164,0.482908740520326
2165,0.38788206076266
2166,0.513773431640871
2167,0
2168,0
2169,0
2170,0
2171,0
2172,2.43629488190906
2173,4.21490505346295
2174,2.57512181422814
2175,2.54483092034228
2176,2.53081255119887
2177,3.222396534161
2178,0.0858805805099606
2179,0
2180,0
2181,0
2182,0
2183,3.84345801126249
2184,3.65909989680013
2185,1.85523995479808
2186,1.01707996958059
2187,0.961677441215825
2188,1.74626427317113
2189,2.19179141527063
2190,0.507967401779015
2191,0
2192,0
2193,0
2194,0
2195,0.904003476685531
2196,0.156509845311309
2197,0.556582547675155
2198,1.23939003650858
2199,2.21777722033419
2200,2.73097341797897
2201,0.274199035518382
2202,0.052334677913179
2203,0
2204,0
2205,0
2206,0
2207,0
2208,4.4871457425224
2209,2.78342084272499
2210,4.5847964657874
2211,0.452603486557093
2212,1.81739031682479
2213,2.05884960978942
2214,0.803753958861087
2215,0
2216,0
2217,0
2218,0
2219,6.04788459931271
2220,6.94617591525266
2221,1.37097990435272
2222,2.90633017462683
2223,0.314527262984889
2224,1.12486619509775
2225,0.580272279788304
2226,0
2227,0
2228,0
2229,0
2230,0
2231,5.00306669176942
2232,1.57793950052657
2233,0.259901459821481
2234,3.4439334546681
2235,2.48896307601694
2236,1.19247435340264
2237,2.66344418758244
2238,0.702074048663632
2239,0
2240,0
2241,3.96305305546502
2242,1.4212173826131
2243,1.89049531553872
2244,5.37580703047546
2245,0.344665876564919
2246,1.60144726329393
2247,4.92419704555019
2248,4.81255625580736
2249,1.39365775376385
2250,0
2251,0
2252,0
2253,0
2254,0
2255,1.07708454995927
2256,11.1551972692037
2257,2.88904856147232
2258,0.390599880217802
2259,2.94616006420376
2260,1.22989335019489
2261,2.55335777588932
2262,0
2263,0
2264,0
2265,0
2266,0
2267,2.27319105451868
2268,6.86097690230843
2269,1.40900859415955
2270,2.08555828403555
2271,1.51829632472773
2272,1.9967383899173
2273,0.571698374566239
2274,0.517855444416827
2275,0
2276,0
2277,0
2278,0
2279,0
2280,5.68279355931255
2281,1.83975283232947
2282,0.241064078198108
2283,0.622552643892623
2284,3.2587250923392
2285,2.56624190957759
2286,1.00634031239733
2287,0
2288,0
2289,0
2290,0
2291,0
2292,6.26417839589581
2293,2.09479449317433
2294,1.58585606829884
2295,0.308902582447229
2296,1.94389523799555
2297,2.31157955721122
2298,0
2299,0.28296650699543
2300,0
2301,0
2302,0
2303,0
2304,10.6785652132626
2305,2.20898878054879
2306,2.00082996231009
2307,2.08490690396849
2308,0.448973559325469
2309,0.389983398051016
2310,2.4833005997187
2311,0
2312,0
2313,0
2314,3.18339412886516
2315,6.01593293783127
2316,8.28307477592458
2317,0.667234992766222
2318,0.427257928209281
2319,2.10314059069428
2320,1.58367986737477
2321,1.89610521758676
2322,0.131719342526157
2323,0
2324,0
2325,0
2326,0
2327,1.07033891295338
2328,4.58675953560841
2329,3.21947083302882
2330,2.6181697258126
2331,2.36575779118078
2332,2.94798080074656
2333,4.63669996762635
2334,0
2335,0
2336,0
2337,0
2338,0
2339,0.726072767088865
2340,1.46632954819965
2341,0.927320766859071
2342,4.30555857751699
2343,2.38621256807295
2344,2.50221861888845
2345,0.115776136638906
2346,0
2347,0
2348,0
2349,0
2350,0
2351,0.252450274220482
2352,10.0347413809909
2353,2.6495578683713
2354,1.77611756048632
2355,0.512888345588774
2356,0.376138510898089
2357,2.58509368078461
2358,1.92358478515986
2359,0
2360,0
2361,0
2362,0
2363,0
2364,3.87127820406094
2365,1.00462792589914
2366,2.78698579410146
2367,0.889496837101803
2368,2.78369217090067
2369,0.187564461485968
2370,0
2371,0
2372,0
2373,0
2374,0
2375,0.653307241405967
2376,3.47586990292306
2377,2.04429407017091
2378,0.794761105392028
2379,2.48508103918263
2380,2.00262150174991
2381,1.92636046955599
2382,0
2383,0
2384,0
2385,0
2386,0
2387,0
2388,7.06104804697336
2389,2.74231721551656
2390,0.213420898721231
2391,1.64239592770445
2392,0.747395296359765
2393,2.49264483078325
2394,0.428812512632657
2395,0
2396,0
2397,0
2398,0
2399,0
2400,0.556491117986715
2401,2.55599232356772
2402,2.00492702444421
2403,0.520278733455703
2404,1.46471646945224
2405,0.840322007468904
2406,1.09784482391039
2407,0
2408,0
2409,0
2410,0
2411,0
2412,4.72308334578857
2413,4.09163044840115
2414,1.60615721734711
2415,0.891432109257548
2416,0.249416786292341
2417,0.0329797796354805
2418,0.609836532008203
2419,0
2420,0
2421,0
2422,0
2423,0
2424,5.82943645058227
2425,2.589521159832
2426,0.89426727463524
2427,4.45105922455198
2428,2.69607007370224
2429,4.42539229983345
2430,0.143615128736335
2431,0
2432,0
2433,0
2434,0
2435,1.37563232667697
2436,3.758994872555
2437,5.51024062940916
2438,0.244517717374978
2439,1.62385788335407
2440,0.0838502047384978
2441,0.236460381399871
2442,0.485330867702701
2443,0
2444,0
2445,0
2446,0
2447,0
2448,0
2449,1.42181344075355
2450,1.86505735870874
2451,1.48497103346354
2452,1.48624320396225
2453,1.59960399322779
2454,0.445930854165661
2455,0
2456,0
2457,0
2458,0
2459,0
2460,5.72945975146005
2461,1.02941093067783
2462,2.48561140081927
2463,0.60794890997859
2464,0.922358711232006
2465,1.83718937525107
2466,0.436185376510439
2467,0
2468,0
2469,0
2470,0
2471,0
2472,6.87190583612164
2473,0.449607677733238
2474,2.29673428057867
2475,1.17417170540887
2476,1.10303044557108
2477,0.66069585120755
2478,1.07993271449288
2479,0
2480,0
2481,0
2482,0
2483,0
2484,3.99681492033253
2485,2.26944195660573
2486,2.12044961390405
2487,2.7658047708776
2488,1.89068666839434
2489,4.18380941188921
2490,11.3722898324434
2491,0
2492,0
2493,0
2494,0
2495,0
2496,5.28854088217674
2497,2.43592745391428
2498,0.264209102164276
2499,1.30458472405947
2500,2.35805333702419
2501,2.86280258560407
2502,1.50986399327411
2503,0
2504,0
2505,0
2506,0
2507,0.662532898561166
2508,0.156154043600462
2509,2.23955803714432
2510,2.32826705390966
2511,0.73903241570813
2512,0
2513,2.11430824186769
2514,1.22148298813538
2515,0
2516,0
2517,0
2518,0
2519,0
2520,8.92823485820765
2521,1.35486725846953
2522,0.235271460536041
2523,2.0185623888206
2524,2.73857254240685
2525,2.74786002092728
2526,11.1421084730183
2527,0
2528,0
2529,0
2530,0.952630417497686
2531,1.03938473622305
2532,7.80494862995801
2533,7.39463590726081
2534,0.701806323369736
2535,2.82801666337433
2536,0.83242013545857
2537,2.36150218773074
2538,1.62007559048239
2539,0
2540,0
2541,0
2542,0
2543,0
2544,12.1817426732923
2545,0.306619621629531
2546,1.25879955733006
2547,2.79201725549748
2548,2.50874872215107
2549,1.21772224253104
2550,1.00675882107778
2551,0
2552,0
2553,0
2554,0
2555,0
2556,1.14923138480902
2557,8.87205227095546
2558,0.125428852482632
2559,2.01271919482389
2560,2.00334826847197
2561,0.949844397757314
2562,0
2563,0
2564,0
2565,0
2566,0
2567,0
2568,7.29765227534711
2569,0.612942114186541
2570,0.656775912372667
2571,1.3057573610294
2572,0.0895157658471101
2573,0.774842372053933
2574,1.40370825522858
2575,0
2576,0
2577,0
2578,0
2579,0
2580,2.24306485479995
2581,5.78233620314977
2582,1.00678741890082
2583,0.706537922543926
2584,1.40367414540524
2585,2.61669786687269
2586,0.151734240698625
2587,0
2588,0
2589,0
2590,0
2591,0
2592,7.26116382208087
2593,2.72874874726306
2594,1.9564110764532
2595,0.945560083230464
2596,1.61652385709672
2597,2.54272886797789
2598,0.199712049632537
2599,0
2600,0
2601,0
2602,0
2603,0
2604,3.20723915597579
2605,7.21902589070649
2606,2.0093537475974
2607,1.06612820364538
2608,1.81998868902321
2609,2.08029819268975
2610,0.455497412344622
2611,0
2612,0
2613,0
2614,0
2615,2.46096075868543
2616,0.194657557867085
2617,0.154007567909551
2618,2.08627677043679
2619,1.32893172862164
2620,2.45928220334919
2621,0.878478007621729
2622,2.45914892999633
2623,0
2624,0
2625,0
2626,0
2627,2.94886972318535
2628,1.4761283575358
2629,7.07580024678288
2630,1.01377409711653
2631,1.08402055825792
2632,2.78504158889909
2633,2.91805785451936
2634,0
2635,0
2636,0
2637,0
2638,0
2639,0
2640,1.37528139691333
2641,2.95816886480377
2642,1.66475534046578
2643,2.34630983635365
2644,1.58549757643056
2645,1.56457646172655
2646,0.393022123476555
2647,0
2648,0
2649,0
2650,0
2651,0.31942644749215
2652,5.17180409172612
2653,2.09730161423525
2654,2.64203343079756
2655,0.189076466037216
2656,2.02736919456438
2657,1.46914031038486
2658,0.697065995575664
2659,0
2660,0
2661,0
2662,0.292270740947517
2663,0
2664,0.227217812792023
2665,0.521784488410077
2666,2.46822539606806
2667,2.97014735722789
2668,1.85581198781142
2669,0.0176733881597104
2670,1.21983442811889
2671,0
2672,0
2673,0
2674,0
2675,0
2676,4.23610589399738
2677,2.6086149048723
2678,1.14183049784125
2679,1.02316982658372
2680,0.58109173437914
2681,2.41134968053901
2682,0.970435012904635
2683,0
2684,0
2685,0
2686,0
2687,0
2688,8.30747085204715
2689,1.30584821016293
2690,2.33617450028154
2691,1.0447798544357
2692,0.511503779747717
2693,1.97115450085874
2694,0.704310813346768
2695,0
2696,0
2697,0
2698,0
2699,0
2700,3.23014200046114
2701,1.65505706342763
2702,1.37626339448907
2703,1.51192504431802
2704,0.567437262170272
2705,0.809033403353489
2706,0.881377488528931
2707,0
2708,0
2709,0
2710,0
2711,0
2712,13.2905061910581
2713,0
2714,0
2715,0
2716,0
2717,0.0270050335883525
2718,0
2719,0
2720,0
2721,0
2722,0
2723,0
2724,6.7716454828764
2725,2.55306284024992
2726,2.8121971762079
2727,2.19611494162663
2728,2.24819313526555
2729,2.52673161503616
2730,4.02817644299908
2731,0
2732,0
2733,0
2734,0
2735,2.6359345850435
2736,8.21135815483064
2737,2.3270537050753
2738,0.978513457149767
2739,0.807127278988138
2740,2.93865411248603
2741,1.97270690602812
2742,0
2743,0
2744,0
2745,0
2746,0.510044809012752
2747,0
2748,18.5479002023096
2749,1.14462853487799
2750,3.01252489321477
2751,0.837710873786448
2752,1.29221711292932
2753,3.37192706776552
2754,1.20381181262864
2755,0
2756,0
2757,0
2758,0
2759,0.638363628990941
2760,13.2870558900154
2761,4.51145236319696
2762,1.81713015976321
2763,1.22242508348039
2764,1.3970360399897
2765,0.782786041872878
2766,0.425250878185794
2767,0
2768,0
2769,0
2770,0
2771,0
2772,0
2773,0.399545560791775
2774,1.95594985327122
2775,2.08456845228417
2776,1.03358130268663
2777,0.717706875682647
2778,0.842948253259503
2779,0
2780,0
2781,0
2782,0
2783,0
2784,6.11992298383966
2785,0.206005028128739
2786,1.5993877795771
2787,0.839013440741595
2788,1.57796424727664
2789,0.549574803765153
2790,3.61587556476127
2791,0
2792,0
2793,0
2794,0
2795,0
2796,4.70982048973782
2797,0
2798,2.87572880898014
2799,1.16646902342244
2800,4.63451713546296
2801,0.130240387920074
2802,0
2803,0
2804,0
2805,0
2806,0
2807,0
2808,0
2809,0.63828944590138
2810,2.96612755019843
2811,2.88372415126766
2812,1.95959677833764
2813,0
2814,2.16158837480591
2815,0
2816,0
2817,0
2818,0
2819,0
2820,4.6662637427618
2821,0.192972842963996
2822,0.912918317458932
2823,1.31096767239288
2824,1.93323069659378
2825,0
2826,1.76659379311909
2827,0
2828,0
2829,0
2830,0
2831,0
2832,11.7836561560151
2833,1.27866823468735
2834,0.599389220809483
2835,0.471808043676158
2836,0.561077191168112
2837,0
2838,0.98959796182029
2839,0
2840,0
2841,0
2842,0
2843,3.64018892128804
2844,7.00317932746927
2845,2.00238412709253
2846,0.532141516413862
2847,0.562560615535595
2848,2.68614173473333
2849,0.258138175082391
2850,0.0315011192640591
2851,0
2852,0
2853,0
2854,0
2855,0
2856,8.74362891231011
2857,2.82763880721968
2858,2.26575871229885
2859,1.69955177122275
2860,1.26001438063604
2861,1.78633572358979
2862,0
2863,0
2864,0
2865,0
2866,0
2867,0.758918807895587
2868,1.22563898591031
2869,0.228606009584566
2870,1.88611978617912
2871,0.76219523070725
2872,0.816153075996713
2873,0.382519840849693
2874,1.09787561805957
2875,0
2876,0
2877,0
2878,0
2879,0
2880,11.2895658790729
2881,1.88470601059503
2882,0.805431379244224
2883,1.55433819874517
2884,0.622080092309727
2885,0.642722858753789
2886,0.302232424468008
2887,0
2888,0
2889,0
2890,0
2891,7.90525618182281
2892,5.78630471845108
2893,1.35195685718757
2894,1.44130522193971
2895,2.43263071296465
2896,1.14195567514424
2897,1.73937400836788
2898,0.199764846704468
2899,0
2900,0
2901,0
2902,0
2903,0
2904,0.462979552950978
2905,0.20200005116088
2906,0.293931404399786
2907,2.81646700659925
2908,1.80916069103081
2909,4.52459158529716
2910,0.829393674130925
2911,0
2912,0
2913,0
2914,0
2915,0
2916,9.77592463372329
2917,2.42797719086303
2918,0.999955331888824
2919,0.324764660925619
2920,2.01770968719252
2921,0.15883440756336
2922,2.77002090769795
2923,0
2924,0
2925,0
2926,0
2927,0
2928,0
2929,0.961795308228586
2930,1.614705562734
2931,1.29601983977601
2932,2.04870494358136
2933,1.1983843148702
2934,0.0446632299824076
2935,0
2936,0
2937,0
2938,0
2939,0
2940,6.37791517602627
2941,1.30455449103293
2942,1.49558932951202
2943,0.576788838037711
2944,0.678578834261314
2945,1.13106312448599
2946,0
2947,0
2948,0
2949,0
2950,0
2951,0
2952,8.9177647897324
2953,0
2954,0.239186385643681
2955,0.312310447894424
2956,2.09294903240048
2957,4.5264740494589
2958,0
2959,0
2960,0
2961,0
2962,0
2963,0.447242691859481
2964,2.85820005571043
2965,0.457787032569277
2966,2.77735368403518
2967,1.85566258211185
2968,1.86142471556245
2969,2.73526139474319
2970,0
2971,0
2972,0
2973,0
2974,0
2975,0
2976,11.4780507801668
2977,2.07106664315754
2978,1.15922489605537
2979,2.30401591750861
2980,1.56064803959902
2981,2.75754486219986
2982,0
2983,0
2984,0
2985,0
2986,0.597976784187078
2987,0.236823486075891
2988,6.38727410825784
2989,1.63478112717819
2990,2.18650959412131
2991,2.7149970606826
2992,1.08204846184912
2993,1.9707305620224
2994,1.07784288792649
2995,0
2996,0
2997,0
2998,0
2999,8.02352216858345
3000,4.21386914861117
3001,2.8157008681645
3002,2.18096464669799
3003,0.385957516500176
3004,1.53215296541951
3005,2.35709795877687
3006,4.62786009760105
3007,0
3008,0
3009,0
3010,0
3011,6.03524636519525
3012,9.76981540779027
3013,1.09469302044039
3014,1.08154114498001
3015,1.05433413801768
3016,2.13680614747731
3017,2.05891541393078
3018,2.30432267803957
3019,0
3020,0
3021,0
3022,0
3023,8.41286996260589
3024,2.81923969073446
3025,0.364034425941704
3026,2.54410758744225
3027,2.53158232292448
3028,0.597113445802417
3029,3.03450032193019
3030,7.00729663674634
3031,0
3032,0
3033,0
3034,0
3035,0
3036,3.29542184101244
3037,1.12012016279982
3038,0.327423958048543
3039,1.53214547974913
3040,2.60857682179318
3041,0.214108660933079
3042,0.792492124323222
3043,0
3044,0
3045,0.198133177485683
3046,0
3047,0
3048,4.96027363826348
3049,3.47955986583551
3050,3.78071005284314
3051,3.28780891411805
3052,4.65909442515912
3053,0.381800887958052
3054,0.0194457907825226
3055,0
3056,0
3057,0
3058,0
3059,0.738063144492021
3060,3.6243423713225
3061,1.04696531731832
3062,1.87345444790559
3063,1.41955222530709
3064,0.466863688395387
3065,0.389635214988924
3066,0.470159590978105
3067,0
3068,0
3069,0
3070,0
3071,4.53523562846507
3072,0.485929692881593
3073,0.160894648655086
3074,1.03956958446059
3075,1.09476989878834
3076,1.63680132459
3077,1.53739604207214
3078,0
3079,0
3080,0
3081,0
3082,0
3083,0
3084,6.86071393478292
3085,5.07688951332692
3086,1.790863797254
3087,0.661281511105874
3088,1.05745937545677
3089,1.87459965027131
3090,1.10342145338802
3091,0
3092,0
3093,0
3094,0
3095,0
3096,9.07805720559097
3097,1.97620398308224
3098,2.4024444648418
3099,2.63894129558412
3100,0.174071627975526
3101,2.28617518441647
3102,0.558081138704523
3103,0
3104,0
3105,0
3106,0
3107,7.81045022485138
3108,6.47228052528912
3109,0.782407752161997
3110,0.611816172920742
3111,2.38127180334975
3112,2.86883434460931
3113,2.75929854780498
3114,3.5499438928034
3115,0
3116,0
3117,0
3118,7.38342606806129
3119,1.9054431240392
3120,13.5251938813918
3121,2.45964975311307
3122,1.27972341342884
3123,2.00325941310844
3124,0.0655314512326151
3125,0.618184925921162
3126,4.85989797856563
3127,0
3128,0
3129,0
3130,0
3131,0
3132,11.1554784825591
3133,0.525507776341877
3134,3.15860757960569
3135,1.20742505773219
3136,2.09691002916267
3137,2.75577485723338
3138,0
3139,0.274283458986702
3140,0
3141,0
3142,0
3143,0.704900057502946
3144,3.4411077186051
3145,2.26736231516264
3146,2.21276411555
3147,1.61231872960993
3148,2.93101369731416
3149,1.25803048189525
3150,0.304598932904546
3151,0
3152,0
3153,0
3154,1.14776610262065
3155,1.76981089832451
3156,13.0606391702576
3157,7.72387573378991
3158,0.410031014974649
3159,3.25887807854703
3160,1.44304111171683
3161,2.03118424399371
3162,0
3163,0
3164,0
3165,0
3166,0
3167,6.58029840778436
3168,7.41591899136153
3169,2.92575040271393
3170,0.592148183226501
3171,0.318105327005429
3172,0.646855950646429
3173,0.238321385801988
3174,0.409813129922156
3175,0
3176,0
3177,0
3178,0
3179,0
3180,13.0850270381746
3181,2.88283780106607
3182,2.37633058691219
3183,1.5676150000557
3184,1.83391961174023
3185,0.513479790976428
3186,1.79167263437382
3187,0
3188,0
3189,0
3190,0
3191,0
3192,10.5804909410795
3193,3.05137276417691
3194,2.27673343841016
3195,1.64268132426438
3196,2.90855292121559
3197,1.61906250376335
3198,0
3199,0
3200,0
3201,0
3202,0
3203,0
3204,0.595238313842998
3205,1.34824797297537
3206,2.58022626663302
3207,1.47371643649585
3208,2.40712170912107
3209,2.79254050834506
3210,0.762301038851187
3211,0
3212,0
3213,0
3214,0
3215,0
3216,7.84032534149665
3217,6.22111402051113
3218,1.32417172196977
3219,2.47486220103629
3220,0.287451776707395
3221,2.50848600569993
3222,0.00487338570899492
3223,0
3224,0
3225,0
3226,2.81176201739388
3227,3.51722083182598
3228,4.70266538366943
3229,1.44763328863512
3230,0.263149972355317
3231,2.76118312073612
3232,1.26175278431174
3233,2.21010110896506
3234,0
3235,0
3236,0
3237,0
3238,0.450841737692758
3239,3.08603119879379
3240,5.50769882035932
3241,1.91136182319219
3242,1.68392329225034
3243,0.597101188197925
3244,1.01991463240586
3245,3.54148027996403
3246,0
3247,0
3248,0
3249,0
3250,1.69201305784593
3251,0.208235211948006
3252,19.033485829441
3253,0.266757427946183
3254,0.828756391605613
3255,4.13604611742943
3256,3.0243735647787
3257,3.56807551195726
3258,0
3259,0
3260,0
3261,0
3262,0
3263,0
3264,8.60663922726097
3265,0.567545999484444
3266,2.23695267281784
3267,1.2972976588841
3268,1.22066860820136
3269,0.605195039812993
3270,0
3271,0
3272,0
3273,0
3274,1.42881629841199
3275,0
3276,1.02610311887015
3277,2.73171107672957
3278,2.32366218946813
3279,2.02734540206397
3280,1.51837825736425
3281,1.07065828904183
3282,0
3283,0
3284,0
3285,0
3286,0
3287,0.527657636463808
3288,7.50980675850321
3289,1.98364403977048
3290,1.45405106185746
3291,1.04055983350954
3292,0.0696190250217819
3293,1.46067848156426
3294,0
3295,0
3296,0
3297,0
3298,0
3299,0
3300,6.60493674898752
3301,2.58820209556989
3302,2.67939593118985
3303,0.281783318891837
3304,2.15909187221937
3305,0.587577556584866
3306,0.172324575456367
3307,0
3308,0
3309,0
3310,0
3311,0
3312,2.87905785280807
3313,3.80994366995939
3314,0.539243208838586
3315,4.77025882275197
3316,1.06048048746747
3317,2.19363093314151
3318,1.43326082189941
3319,0
3320,0
3321,0
3322,0
3323,0
3324,2.13817626551873
3325,0.618233471256582
3326,1.9587710075646
3327,1.58555669881556
3328,1.12653035968458
3329,1.70746479108135
3330,0
3331,0
3332,0
3333,0
3334,5.82244062203993
3335,8.81722035092509
3336,8.20965774490294
3337,1.29286831229677
3338,1.22324706743684
3339,1.13631180950101
3340,0.27400795766634
3341,1.37948837054812
3342,0
3343,0
3344,0
3345,0
3346,0
3347,0.744684776082803
3348,0.116353931406351
3349,2.59839333037345
3350,0.0239289147893807
3351,1.10542237876059
3352,0.553114715320949
3353,1.57070809778272
3354,0
3355,0
3356,0
3357,0
3358,0
3359,1.70818330951083
3360,5.16773884772242
3361,0.190372255967981
3362,1.67540639178884
3363,1.10575770420063
3364,0.316242547869427
3365,2.90791161207992
3366,0
3367,0
3368,0
3369,0
3370,0
3371,5.350841442003
3372,11.5661543587524
3373,0.19914768769174
3374,0.740429164925548
3375,1.10212100586467
3376,1.44114587339566
3377,1.43754811274892
3378,0.408258424115249
3379,0
3380,0
3381,0
3382,0
3383,2.85658624531663
3384,3.26396999850832
3385,4.1844456624097
3386,1.08206324235693
3387,3.12545685465331
3388,2.42626488491482
3389,0.236422027949339
3390,3.11226459034229
3391,10.233524064407
3392,0
3393,0
3394,0
3395,0
3396,1.03447653506834
3397,0.721325503656749
3398,2.61457857617357
3399,0.404353206435835
3400,1.50030967645834
3401,0.756109832683573
3402,0.288034998963328
3403,0
3404,0
3405,0
3406,0
3407,4.69141305429487
3408,6.48027194345793
3409,0.103456135801719
3410,0.135336834389101
3411,1.97857839523095
3412,2.01827492140186
3413,1.74416859995865
3414,0.476648153873944
3415,0
3416,0
3417,0
3418,0
3419,0
3420,4.49232155456742
3421,0.406922355381338
3422,1.39281237950889
3423,2.11032682685235
3424,2.2151935576144
3425,1.49259698584518
3426,0
3427,0
3428,0
3429,0.483704763280562
3430,0
3431,0.297667420396226
3432,1.18076224893226
3433,2.59042929551003
3434,2.54280746975591
3435,2.07174893986618
3436,1.67764768904397
3437,2.6015862311482
3438,0.593356509938571
3439,0
3440,0
3441,0
3442,0
3443,1.79255179385873
3444,3.51689932299511
3445,1.94768106549453
3446,2.46479571050951
3447,0.470229235565569
3448,2.62846505023267
3449,0.426938795515998
3450,5.8997224129917
3451,0
3452,0
3453,0
3454,0
3455,5.13340925356752
3456,4.53670799511468
3457,1.10898654115719
3458,0.992644198018068
3459,1.10019457541711
3460,0.410879158452376
3461,1.12106881969495
3462,0
3463,0
3464,0
3465,0
3466,0.434682347488924
3467,9.11924464844662
3468,2.09920038410073
3469,0.787280901924286
3470,2.27665064044096
3471,2.63587976316935
3472,0.66065032480718
3473,1.95457891912006
3474,0.0932244261691255
3475,0
3476,0
3477,0
3478,1.13472996075055
3479,3.88956706300258
3480,8.33958856327216
3481,1.28769580780295
3482,0.794670905889704
3483,0.567546773660805
3484,2.79249568419656
3485,0
3486,1.93123027316272
3487,0
3488,0
3489,0.015911151211876
3490,0.00443233580458171
3491,0.453163409855443
3492,8.85035802059519
3493,0.856499941758014
3494,2.42862812194206
3495,1.55569909438098
3496,2.05869007092206
3497,2.73564372594555
3498,0
3499,0
3500,0
3501,0
3502,0
3503,5.92316398118283
3504,5.09321061880436
3505,1.86215407831876
3506,0.109713956556576
3507,2.02722637233988
3508,1.70680488745361
3509,2.08311286385342
3510,0
3511,0
3512,0
3513,0
3514,0
3515,1.34642894829351
3516,2.71419658615849
3517,0.638820052793561
3518,0.0143314117477882
3519,0
3520,1.17028445676615
3521,1.37737459571937
3522,0
3523,0
3524,0
3525,0
3526,0
3527,5.3238428532074
3528,7.09304626233679
3529,0
3530,0.0494203892890793
3531,0.243916856752144
3532,0.233374783307028
3533,0.0886394127211926
3534,0
3535,0
3536,0
3537,0
3538,5.16510820232071
3539,7.39302370000819
3540,13.2388021777308
3541,3.59199912607678
3542,0.20220815451718
3543,2.34959535123979
3544,1.18164884452847
3545,1.34720107682035
3546,0
3547,0
3548,0
3549,0
3550,0.0206271194050189
3551,9.25241453848497
3552,9.1781105699851
3553,2.97363678252783
3554,0.716150045455951
3555,2.83483822431166
3556,2.56485779733017
3557,2.22715862188269
3558,0
3559,0
3560,0
3561,0
3562,0
3563,0
3564,9.65125351887277
3565,1.38707439312069
3566,0.310325318265102
3567,1.40602131261349
3568,1.40959033110103
3569,1.95664918071614
3570,0
3571,0
3572,0
3573,0
3574,0
3575,2.26614354370327
3576,1.43485517190953
3577,0.551576745404832
3578,0
3579,0.358202298084491
3580,0.465226200132217
3581,0.442244949581493
3582,6.33210639695181
3583,0
3584,0
3585,0
3586,0
3587,5.59387518292091
3588,6.39054804999391
3589,2.59965927515135
3590,0.678478715028905
3591,0.698632584206519
3592,1.37258471529918
3593,2.74976438919519
3594,0.681549778663172
3595,0
3596,0
3597,0.244622420452077
3598,0
3599,2.56834950196797
3600,9.25532618363447
3601,2.57781311961715
3602,0.638375002751226
3603,0.670170973513582
3604,0.115919215442161
3605,1.79323528068433
3606,2.70868992673561
3607,0
3608,0
3609,0
3610,0
3611,0
3612,8.72150979210189
3613,0.914875129238969
3614,2.54638746525165
3615,0.947485747365934
3616,0.413129978121713
3617,2.73723168615996
3618,0
3619,0
3620,0
3621,0
3622,0
3623,0.617850899499459
3624,2.78600196269455
3625,0.437074768597054
3626,2.72814973438661
3627,0.845904378293105
3628,1.81572903714265
3629,0.436193171325254
3630,0
3631,0
3632,0
3633,0
3634,0
3635,0
3636,0
3637,0
3638,0
3639,0
3640,0
3641,0
3642,0
3643,0
3644,0
3645,0
3646,0
3647,0.471106930709055
3648,2.51155582223855
3649,0.357948893851956
3650,2.45360611311457
3651,1.69943130555786
3652,0.599290884944445
3653,2.64726336266328
3654,3.10356391561733
3655,0
3656,0
3657,0
3658,0
3659,2.55415128566861
3660,2.29933056282565
3661,1.88677104358072
3662,1.93895298269092
3663,1.17981810777878
3664,0.721379731882468
3665,0.967455850217523
3666,1.82943215523062
3667,0
3668,0
3669,0.456837608569118
3670,0
3671,0.144272020145484
3672,5.52511506332823
3673,1.18480030265633
3674,0.202520051924053
3675,1.60028076425889
3676,0.549841119067806
3677,0.448998801279384
3678,0
3679,0
3680,0
3681,0
3682,0
3683,4.42420594635854
3684,2.78349672959906
3685,0.530331927449203
3686,2.60277165557294
3687,1.53186735621705
3688,2.33138190856573
3689,0.649875356686687
3690,0
3691,0
3692,0
3693,0
3694,0
3695,1.16627614851227
3696,5.8246321428219
3697,2.27565021329365
3698,2.78546078374797
3699,2.07719290404384
3700,2.17848529627105
3701,0.664703204779485
3702,0
3703,0
3704,0
3705,0
3706,0
3707,0
3708,7.17495111059584
3709,1.34271935268722
3710,0.51115512417103
3711,0.942506568331486
3712,2.97951885051707
3713,1.32329391477936
3714,0
3715,0
3716,0
3717,0
3718,1.88232509040887
3719,9.18534276296782
3720,0.688454647170475
3721,2.79842723794462
3722,0.389198692105433
3723,1.26243431370339
3724,1.16166283336891
3725,0.252344079151331
3726,0
3727,0
3728,0
3729,0.256858653105509
3730,0
3731,1.34431492954027
3732,0.536990032059551
3733,2.1568285023493
3734,2.29843903094518
3735,0.26782767004572
3736,2.3981022294532
3737,1.53174789246979
3738,0
3739,0
3740,0
3741,0
3742,0
3743,0
3744,5.11547235354316
3745,1.94428288805432
3746,1.21890134646698
3747,2.06298385371468
3748,0.45165625527427
3749,1.90348200359777
3750,0
3751,0
3752,0
3753,0
3754,5.64866749227145
3755,2.93397242020687
3756,3.0184790541113
3757,2.74803466248204
3758,2.58683821568708
3759,2.09280712990429
3760,2.1131360224999
3761,0.122004625408563
3762,0
3763,0
3764,0
3765,0
3766,0
3767,1.11427517753101
3768,1.63352737762744
3769,2.04774170610415
3770,2.74536544960888
3771,1.71881680884905
3772,0.913202773717748
3773,0.063531250197986
3774,0.801852628736026
3775,0
3776,0
3777,0
3778,0
3779,3.86653154289634
3780,4.80624887440136
3781,2.06069506302087
3782,0.909322815038304
3783,1.39017709959764
3784,2.67576462213176
3785,2.73978925547156
3786,0
3787,0
3788,0
3789,0
3790,0
3791,21.3553792313879
3792,2.56699209818727
3793,0.374231699085708
3794,2.16159022872093
3795,2.95858985223286
3796,0.720269226502403
3797,1.42633676324022
3798,0
3799,0
3800,0
3801,0
3802,0
3803,9.07307990465053
3804,0.764811275947728
3805,0.246515970421481
3806,1.89457670979921
3807,1.29140582565002
3808,0.619222516790271
3809,2.70746783192235
3810,3.77249255527653
3811,0
3812,0
3813,0
3814,0
3815,1.9460197075949
3816,1.8270011674513
3817,0.0396838676021609
3818,0.84974249138754
3819,2.62402005550292
3820,0.0174787085301276
3821,2.00519558210489
3822,0
3823,0
3824,0
3825,0
3826,4.35856882180623
3827,8.96490371657105
3828,8.36482202233188
3829,1.25728335596908
3830,3.5411704366514
3831,0.811021110711108
3832,0.556759648028947
3833,1.42396024478218
3834,1.70952186199806
3835,0
3836,0
3837,0
3838,0
3839,0.336572199940087
3840,7.81615207424945
3841,2.86233902568938
3842,0.523642776250508
3843,1.55000063761172
3844,1.25099072064413
3845,2.52536322593643
3846,0
3847,0
3848,0
3849,0
3850,0
3851,2.10864775275398
3852,1.93096590559774
3853,0.651139266647494
3854,1.85033082679955
3855,0.499360313490024
3856,0.847585309579866
3857,2.14245188344533
3858,0
3859,0
3860,0
3861,0
3862,2.38098233704884
3863,6.86272206604146
3864,2.8761227450127
3865,0.369909828395875
3866,2.08939562829472
3867,1.84586624528691
3868,2.64143005505833
3869,1.72810444800479
3870,0
3871,0
3872,0
3873,0
3874,0.0594065049815438
3875,8.50199328236143
3876,3.9781453863723
3877,2.59686757407187
3878,2.30340156406771
3879,2.56507539619846
3880,0.22300875092483
3881,0.919400046351117
3882,0
3883,0
3884,0
3885,0
3886,0
3887,4.10881426333564
3888,5.56991117653161
3889,2.72209619735033
3890,1.98122101138325
3891,0
3892,1.61022861594613
3893,0.935780437373958
3894,0
3895,0
3896,0
3897,0
3898,0
3899,1.18140650378387
3900,0.315792638153941
3901,2.99212069468901
3902,2.92176555286332
3903,0.57821173070923
3904,2.74095120846864
3905,0.712951701430661
3906,0
3907,0
3908,0
3909,0
3910,0
3911,2.99551828239659
3912,4.01646464131755
3913,0.81337036697217
3914,0.420592591498326
3915,0.947515940140529
3916,2.20505295011536
3917,2.38015955432843
3918,0.685712956672964
3919,0
3920,0
3921,0
3922,0
3923,6.72338748954555
3924,8.76529018905551
3925,1.46100718637875
3926,1.84792504824257
3927,1.104930040522
3928,1.1579726875864
3929,2.76677775475594
3930,0.736370956534864
3931,0
3932,1.69913163651216
3933,0
3934,0
3935,0.0949269315385017
3936,0.801806457931538
3937,2.44013442535573
3938,1.70344247041278
3939,0.925057662075724
3940,2.71510625328643
3941,0.607616760591053
3942,5.30118351875343
3943,0
3944,0
3945,0.16803584405754
3946,0
3947,5.30337597301198
3948,5.02673872092855
3949,2.34858447735799
3950,1.67614474240252
3951,0.862512032363934
3952,2.90729292651811
3953,4.95304645529519
3954,0.982872108392191
3955,0
3956,0
3957,0
3958,0
3959,12.3174622858709
3960,7.141303955904
3961,0.228953886403989
3962,0.686996086594644
3963,1.24132245978538
3964,2.20134463726239
3965,0.196509671541425
3966,0.592147554507678
3967,0
3968,0
3969,0
3970,0
3971,7.88341316525795
3972,3.28985807232554
3973,0.504000752808246
3974,1.37865714424506
3975,1.00420040408629
3976,1.97662596792451
3977,2.31677689191887
3978,0.826869342129215
3979,0
3980,0
3981,0
3982,0
3983,6.01913846753891
3984,1.68516519584085
3985,0.363209484089348
3986,2.86979842384492
3987,2.37111466131945
3988,2.15731055747086
3989,0.70663691663083
3990,0
3991,0
3992,0
3993,0
3994,0
3995,10.3757012468018
3996,2.09595194368832
3997,2.29089617881483
3998,1.69885226870605
3999,1.58683395732008
4000,1.57560668577131
4001,2.75973336997618
4002,0.669911392266053
4003,0
4004,0
4005,0
4006,2.66308457924622
4007,3.52437848813385
4008,5.96304298453118
4009,2.63806575772737
4010,2.36665579211637
4011,1.15585708594984
4012,0.299668831685532
4013,0.399450222447357
4014,0
4015,0
4016,0
4017,0
4018,0
4019,6.26485494525743
4020,2.70500346587453
4021,0.174639207477467
4022,1.81542474036976
4023,1.70629024317425
4024,1.91753536414669
4025,2.91816635703532
4026,0.183422108137191
4027,0
4028,0
4029,0
4030,4.81950458397593
4031,4.96331901866438
4032,2.49134564701881
4033,1.40122007546666
4034,0.929333008653353
4035,2.03823207951273
4036,1.60846834524902
4037,0.046211366051338
4038,1.47767046382733
4039,0
4040,0
4041,0
4042,0.34858244397077
4043,1.46158159214446
4044,9.55389420696213
4045,0.996521017606727
4046,0.595969277329918
4047,1.52454305915763
4048,1.81818640259295
4049,1.81958501006467
4050,0
4051,2.44719780345982
4052,0
4053,0
4054,1.29492942306537
4055,3.16612156100795
4056,18.9453285021641
4057,5.88058315713298
4058,0.894031779768235
4059,0.422618552663758
4060,0.166869409767311
4061,1.05022946645879
4062,0
4063,0
4064,0
4065,0
4066,0
4067,0.454436166600118
4068,3.83824854544964
4069,1.88459412459656
4070,0.743680570198643
4071,0.888750237309706
4072,2.07990962620742
4073,0.543777788755212
4074,0
4075,0
4076,0
4077,0
4078,0
4079,0.285881537786632
4080,0.560237076832241
4081,0.963110824050497
4082,1.55630856762283
4083,1.84232354580036
4084,0.694264141795045
4085,1.45081732031543
4086,0
4087,0
4088,0
4089,0
4090,0
4091,13.2478633425692
4092,5.87634669781712
4093,0.995207821771918
4094,0.181633488410573
4095,0.592215664262512
4096,2.74529604849546
4097,2.82245877941369
4098,3.61927763399834
4099,0
4100,0
4101,0
4102,2.13667472019714
4103,1.77518816552824
4104,1.49404695725479
4105,1.28052280076147
4106,1.78853694934429
4107,2.68503111300481
4108,0.886670583899945
4109,3.0455339300404
4110,0
4111,0
4112,0
4113,0
4114,0
4115,2.40749293235953
4116,9.61288951593901
4117,7.43130770882713
4118,2.76842321240765
4119,0.519809614426246
4120,2.41029550811427
4121,0.718608423864636
4122,0
4123,0
4124,0
4125,0
4126,2.90022276517362
4127,1.56605726032049
4128,4.94757355026007
4129,2.46854959675382
4130,1.5779609163303
4131,1.33004159177399
4132,1.19323469366713
4133,0.5080644475597
4134,0
4135,0
4136,0
4137,0
4138,0
4139,8.44562825366488
4140,2.61535986755273
4141,0.925581429337116
4142,0.453535747061187
4143,1.73910127766284
4144,1.01753214479712
4145,1.33345228640782
4146,0
4147,0
4148,0
4149,0
4150,0
4151,0.671698607372226
4152,0.362040623910859
4153,2.59564519516237
4154,1.51951920188083
4155,2.47560060506117
4156,0.174931472646888
4157,0.187263814877501
4158,1.35139884124911
4159,0
4160,0
4161,2.52540447441028
4162,0
4163,1.0822251960851
4164,2.01245121427305
4165,0.122317153247853
4166,2.67567560738558
4167,1.18378896868969
4168,2.19634564900935
4169,2.43159025505519
4170,0.229060700641634
4171,0
4172,0
4173,0
4174,0
4175,2.30777359567838
4176,0.210776773258344
4177,1.12519370638936
4178,0.252099508737235
4179,0.586826786054098
4180,1.18659200967084
4181,0.337827985129507
4182,2.25767666025392
4183,0
4184,0
4185,0
4186,0.662141857458108
4187,8.5750737694818
4188,1.30211005111195
4189,1.03113914359929
4190,0.261980518166177
4191,1.56959554954555
4192,0.27460069841511
4193,0.415255300683627
4194,2.05676607759064
4195,0
4196,0
4197,0
4198,0
4199,1.1999725728817
4200,1.72112350749537
4201,1.19359604310516
4202,1.9635540035825
4203,0.975297111843553
4204,1.91727163639413
4205,2.68174051211223
4206,0.141358661548701
4207,0
4208,0
4209,0
4210,0
4211,0.51963719458375
4212,0.00399223991887844
4213,0.482895576225899
4214,2.11580910350783
4215,2.4672048977203
4216,1.32574765755255
4217,1.62136037806624
4218,0
4219,0
4220,0
4221,0
4222,0
4223,0.714376937525825
4224,0.780700414386151
4225,1.68814590780323
4226,0.833779319628847
4227,2.50581832361801
4228,0.771911107751519
4229,1.86544704103817
4230,0
4231,0
4232,0
4233,0
4234,0
4235,1.97101912709815
4236,0.240561508967675
4237,2.26664874697322
4238,0.946606533434174
4239,1.04349269320381
4240,0.351002415675999
4241,0.645607771806274
4242,0.973640237863687
4243,0
4244,0
4245,0
4246,0
4247,7.96999016046002
4248,0.739259606445034
4249,1.98692500150892
4250,2.67150932428456
4251,2.54997707025442
4252,0.562479282020034
4253,2.64166690799272
4254,0
4255,0
4256,0
4257,0
4258,0
4259,1.36605805587471
4260,2.63773934855025
4261,0.0798338456900566
4262,0.982070493312471
4263,1.38252173361866
4264,2.44985223055395
4265,2.43686202157482
4266,0
4267,0
4268,0
4269,0
4270,0
4271,6.19127038771643
4272,2.70776156469154
4273,1.22280623356137
4274,2.31889894387072
4275,0.679012096793561
4276,2.59798267861577
4277,1.64468048723093
4278,0
4279,0
4280,0
4281,0
4282,0
4283,0.94850508096256
4284,1.74633163078148
4285,1.1121011158682
4286,1.89827815535437
4287,0.398182877682987
4288,2.05241986385114
4289,0.311740096265918
4290,0
4291,0
4292,0
4293,0
4294,0
4295,0.902289450438885
4296,0.865397902919991
4297,2.00940194346549
4298,2.41436346498405
4299,1.76765485116326
4300,0.975898411586746
4301,1.8442653219857
4302,0
4303,0
4304,0
4305,0
4306,0
4307,5.06036314025119
4308,5.07785525967876
4309,1.00817521375058
4310,2.10754083932846
4311,0.594998044783418
4312,2.17234656789361
4313,0.757796177467543
4314,2.82934430974269
4315,0
4316,0
4317,0
4318,0
4319,12.1450178894202
4320,2.52116472582654
4321,1.72476323932986
4322,2.51070449560214
4323,0.611066084277489
4324,1.49129429566317
4325,1.79762218398354
4326,0
4327,0
4328,0
4329,0
4330,0.717703007356934
4331,0.362880155031072
4332,2.60731040754918
4333,3.17038198155012
4334,0.506517909763863
4335,2.0804029007729
4336,1.17327468246282
4337,2.19354442512259
4338,0
4339,0
4340,0
4341,0
4342,0
4343,3.02592977362752
4344,1.83190288127212
4345,1.14480497015685
4346,2.3407715998209
4347,1.03743449959437
4348,2.06692475586428
4349,0.193354395986831
4350,0
4351,0
4352,0
4353,0
4354,0
4355,12.8844667691171
4356,0.823620192552476
4357,1.11956762322431
4358,0.670096574090942
4359,0.537374704824804
4360,0.168429259529933
4361,1.66928027620875
4362,0
4363,0
4364,0
4365,0
4366,0
4367,2.48420146551427
4368,1.15087394618859
4369,0.868763220637955
4370,1.73514940329612
4371,0.58754641992775
4372,2.51005078813563
4373,1.40397763300961
4374,4.38047761618868
4375,0
4376,0
4377,0
4378,0
4379,1.2330014094675
4380,2.15206496960792
4381,0.983355507965176
4382,0.825746193201416
4383,1.41411616418233
4384,0.365268171322447
4385,2.57434034846176
4386,0
4387,0
4388,0
4389,0
4390,1.26219017365221
4391,6.2078560568415
4392,1.82470653052934
4393,0.497023292048396
4394,1.022905985591
4395,0.351140109889396
4396,0.0398810003514786
4397,0.996538080623096
4398,0
4399,0
4400,0
4401,0
4402,0
4403,4.14973012695065
4404,4.61740515106284
4405,0.170867582157481
4406,1.5966057468465
4407,2.32264977489911
4408,0.214579272465376
4409,0.882207964908997
4410,0
4411,0
4412,0
4413,0
4414,0
4415,12.6102189624493
4416,2.707636729822
4417,0.797922169586633
4418,0.759413742473015
4419,2.01615274196895
4420,2.33549946899549
4421,1.34675147865696
4422,0
4423,0
4424,0
4425,0
4426,0
4427,3.19632889185518
4428,1.17846636182815
4429,1.79190337235903
4430,2.41699588439864
4431,0.110142291731232
4432,1.80574397451938
4433,1.00204796493738
4434,1.07861061500453
4435,0
4436,0
4437,0
4438,0
4439,0.780184635967852
4440,2.40993289844341
4441,1.45634553717561
4442,0.459980176892785
4443,2.74480002423975
4444,0.710217661835512
4445,2.64292059312374
4446,2.42026183662266
4447,0
4448,0
4449,0
4450,0.507825161779963
4451,4.62012767638905
4452,3.61031252240764
4453,1.94839132649727
4454,0.914312329799737
4455,1.43378506792932
4456,1.59057335806646
4457,2.72544048834434
4458,0
4459,0
4460,0
4461,0
4462,0
4463,3.36564866954024
4464,0.793643325036669
4465,0.403370361147325
4466,1.81925586067586
4467,0.981509226112959
4468,0.824326744546744
4469,2.05753550795572
4470,0
4471,0
4472,0
4473,0
4474,8.54931652527348
4475,0.751185560419599
4476,1.33022225263746
4477,0.506752074602823
4478,1.87376887391594
4479,0.128603390988386
4480,2.5116461229684
4481,1.08710957351231
4482,0
4483,0
4484,0
4485,0
4486,2.20463290050199
4487,7.15303504855037
4488,1.7966128819256
4489,1.96360937825635
4490,1.56387722680595
4491,2.09364033081761
4492,1.45633282465524
4493,1.61786750260107
4494,0.035551742645976
4495,0
4496,0
4497,0
4498,0
4499,4.95016209942263
4500,11.7049075889626
4501,1.08794285516871
4502,1.17700404854718
4503,0.509034017660865
4504,2.22169859608782
4505,2.53054735341062
4506,3.74147910999573
4507,0
4508,0
4509,0
4510,0
4511,0.235041637099593
4512,10.7352946620447
4513,1.92190829004198
4514,0.807545432107431
4515,2.58102755084105
4516,0.614016402027901
4517,1.44645992322057
4518,0.234558871137122
4519,0
4520,0
4521,0
4522,0
4523,6.06727373049198
4524,2.71144410759915
4525,1.22616568023946
4526,1.62512683175346
4527,2.12523116011137
4528,1.56161180038549
4529,2.5093164838967
4530,0
4531,0
4532,0
4533,0
4534,0
4535,0.00804783015789246
4536,2.86963117443427
4537,1.59948225131371
4538,1.68744397959157
4539,0.0250510962207752
4540,1.95771091036622
4541,2.00771586515617
4542,0
4543,0
4544,0
4545,0
4546,0
4547,4.91058837257536
4548,10.3628338683248
4549,1.07079191102546
4550,0.233418414819931
4551,1.80388701755823
4552,1.11181868307909
4553,0.976438516375893
4554,0.473527107440766
4555,0
4556,0
4557,0
4558,0
4559,1.25469123075347
4560,2.0235687176945
4561,0.445469399578376
4562,0.851707541629924
4563,0.447673137367401
4564,1.83786281188165
4565,1.34062609961215
4566,0
4567,0
4568,0
4569,0
4570,0.717226955885858
4571,1.36632782875559
4572,4.57832469874041
4573,1.97930756902425
4574,2.66018341685941
4575,0.697450233471856
4576,0.510111878758664
4577,2.51942389180317
4578,0
4579,0
4580,0
4581,0
4582,0
4583,1.2974986605746
4584,2.03060887500518
4585,2.68821248515673
4586,1.04181471421076
4587,1.0180581286498
4588,0.770777078800223
4589,1.99717695815102
4590,0.174024180383227
4591,0
4592,0
4593,0
4594,0
4595,2.42781859948355
4596,2.13670553532991
4597,0.558381714642223
4598,2.45338092442679
4599,2.36071160657004
4600,2.13671201845083
4601,1.64413800689794
4602,0.617891541970419
4603,0
4604,0
4605,0
4606,0
4607,1.01398070456695
4608,0.849274339424559
4609,2.31013071753679
4610,1.22951266904968
4611,1.73645290891717
4612,1.2989270556602
4613,0.072073309391984
4614,0
4615,0
4616,0
4617,0
4618,3.16596141839417
4619,5.04393556719455
4620,2.95126067319322
4621,1.99088835411526
4622,1.11338413329794
4623,0.691624036827812
4624,0.803181754591141
4625,1.57996354220401
4626,0
4627,0
4628,0
4629,0
4630,0
4631,2.26830894201931
4632,7.40370413178684
4633,0.051343302212297
4634,2.96379955810898
4635,2.66831741009673
4636,2.85943954560712
4637,1.01588862169842
4638,0
4639,0
4640,0
4641,0
4642,0
4643,8.84336006342378
4644,5.32517197417154
4645,2.3613604401576
4646,0.240839281404611
4647,1.04110468528189
4648,2.01776035461006
4649,1.40861029778586
4650,5.15786682601764
4651,0
4652,0
4653,0
4654,0
4655,4.64763157596692
4656,5.65961586185675
4657,3.44574559560627
4658,1.88469814559557
4659,3.04155822926784
4660,0.415265297358297
4661,6.04602849565857
4662,0
4663,0
4664,0
4665,0
4666,0
4667,8.487825774959
4668,2.06710854774991
4669,0.839270194825197
4670,0.0268791471690724
4671,0
4672,0.152372186838185
4673,0.184949046851525
4674,0
4675,0
4676,0
4677,0
4678,0
4679,10.871584930575
4680,1.71162314891186
4681,1.68668412704831
4682,0.371652074972996
4683,0.0712050450611662
4684,0.0471375557529142
4685,0.466723694924904
4686,0
4687,0
4688,0
4689,0
4690,0
4691,2.44834880026554
4692,6.40493340534361
4693,2.48889154014443
4694,2.63806037005044
4695,1.64205470634949
4696,0.151507339072701
4697,2.81404833835691
4698,0
4699,0
4700,0
4701,0
4702,0
4703,4.13444328747343
4704,3.88264233754336
4705,0.668564850710581
4706,0.013778860203837
4707,2.62291929241614
4708,1.16714191631613
4709,0.426466801612403
4710,0
4711,0
4712,0
4713,0
4714,0
4715,4.31743601318777
4716,0.307798588583779
4717,0.750119935175464
4718,1.41716745409869
4719,1.75745163595722
4720,0.914865262838626
4721,2.31301126118214
4722,0
4723,0
4724,0
4725,0
4726,0
4727,1.22722272933737
4728,0.936711945484702
4729,1.27403621613797
4730,2.62557147488777
4731,1.72607173247376
4732,0.741352009846943
4733,2.13074881842031
4734,0.610744216259268
4735,0
4736,0
4737,4.47287311136662
4738,0
4739,2.05450871458305
4740,0.0392065609428424
4741,1.09905345917666
4742,1.02656508996905
4743,0.0856109223398829
4744,2.49434146698728
4745,3.48713542168451
4746,1.48532730405607
4747,0
4748,0
4749,0
4750,0
4751,5.41117865242793
4752,1.13394452188218
4753,1.37460598978515
4754,2.48186061839051
4755,1.31907513846971
4756,0.361595202944396
4757,1.2570939304674
4758,0
4759,0
4760,0
4761,0
4762,0
4763,5.55400869574972
4764,1.91974410105777
4765,2.66185191025329
4766,1.82205299873472
4767,1.85335033891002
4768,2.20704856307246
4769,1.63139476121106
4770,0
4771,0
4772,0
4773,0
4774,1.19602946370731
4775,7.75319509666331
4776,1.3385655916973
4777,0.821550508002351
4778,0.0210345272846915
4779,1.4012423456342
4780,2.83246691975409
4781,0.873134644603623
4782,0
4783,0
4784,0
4785,0
4786,0
4787,3.41522539236189
4788,0.362950438588311
4789,0.557981078595304
4790,1.66484944221509
4791,1.15064758485079
4792,2.25856460467738
4793,0.0435342699874361
4794,3.65534314590309
4795,0
4796,0
4797,0
4798,0
4799,2.49995194915619
4800,4.84293058223067
4801,0.0656450510147278
4802,2.71749582351058
4803,3.78799622099004
4804,0.106647205482719
4805,1.99343129642671
4806,0
4807,0
4808,0
4809,0
4810,0
4811,3.27108848554348
4812,0.679895295774988
4813,2.67234705242957
4814,1.4848636565993
4815,0.087890241911137
4816,1.14914120982333
4817,2.35894845852652
4818,0
4819,0
4820,0
4821,0
4822,0
4823,0.502911522179196
4824,1.27231314737069
4825,2.5053294848173
4826,1.49810954929437
4827,1.67262641836998
4828,1.85424036920211
4829,2.2808515465932
4830,0
4831,0
4832,0
4833,0
4834,0
4835,5.43649475375655
4836,0.589687183506412
4837,1.81933640169137
4838,2.62754027189604
4839,2.5679111596171
4840,0.457170494392223
4841,0.0223112577338414
4842,5.27184620188894
4843,0
4844,0
4845,0
4846,0
4847,1.24109270379801
4848,1.22098174449604
4849,0.389670433616508
4850,6.22930156866598
4851,1.53476631669983
4852,1.65319466284041
4853,1.93054258771833
4854,0
4855,0
4856,0
4857,0
4858,0
4859,1.38063520144407
4860,3.95610798360607
4861,5.59369527350455
4862,2.13438988563042
4863,1.36351245419771
4864,0.187043990639519
4865,1.19180634723429
4866,0
4867,0
4868,0
4869,0
4870,0
4871,3.84060725758288
4872,1.84278328312408
4873,2.11595766495167
4874,2.10211306056892
4875,2.03877454823405
4876,0.282392866053352
4877,2.41878742042234
4878,0
4879,0
4880,0
4881,0
4882,0
4883,11.7983901813644
4884,0.325028518342484
4885,0.386135588552253
4886,1.121831033673
4887,1.87745521144774
4888,2.0392528072835
4889,0.821840403314874
4890,0.365074187174159
4891,0
4892,0
4893,0
4894,0.91077155707685
4895,14.3924506765619
4896,1.91877855785748
4897,0.909139999544517
4898,0.914637541863405
4899,1.88628708745401
4900,1.97989815952119
4901,2.94700874540653
4902,0
4903,0
4904,0
4905,0
4906,0
4907,2.42953494333922
4908,2.02729927152818
4909,1.56277696207034
4910,2.07623941327938
4911,1.58343743005706
4912,0.309614975373192
4913,1.58119099644281
4914,0
4915,0
4916,0
4917,0
4918,0
4919,13.1348978274882
4920,0.200940364811833
4921,0.465085560019543
4922,2.0230195192005
4923,2.34318133823053
4924,0.822702525541279
4925,1.70169308244056
4926,0
4927,0
4928,0
4929,0
4930,0
4931,1.30813038924602
4932,0.28118427422885
4933,0.399345968224768
4934,1.59406951807102
4935,1.37066159949254
4936,3.00887366887407
4937,2.60829157735811
4938,4.73618109092143
4939,0
4940,0
4941,0
4942,0
4943,0.244179364635294
4944,1.77843404190155
4945,0.912904864362552
4946,0.814017479517883
4947,2.35350743293733
4948,1.86221458423614
4949,2.48700823054474
4950,0
4951,0
4952,0
4953,0
4954,6.71903237426198
4955,11.060579671343
4956,0.70403184422248
4957,0.797049806560087
4958,1.12081586024314
4959,1.52748138532409
4960,2.06965007252397
4961,0.606665440901186
4962,0
4963,0
4964,0
4965,0
4966,0
4967,3.69476096192997
4968,2.98223441759312
4969,2.67704365020375
4970,1.50894080301562
4971,2.08359747071424
4972,2.5683603940055
4973,7.07432493555038
4974,4.65981277918554
4975,0
4976,0
4977,0
4978,0
4979,0.0634833142987375
4980,1.57369571969409
4981,0.0813028304499403
4982,2.34684262243843
4983,0.113011369634404
4984,1.11305807207549
4985,0.318517997415447
4986,2.80794325177178
4987,0
4988,0
4989,0
4990,0
4991,2.53930776274212
4992,2.44103605221272
4993,0.743814594252498
4994,1.71365821089033
4995,1.70366061285012
4996,2.48730913508319
4997,2.62366826598905
4998,0
4999,0
5000,0
5001,0
5002,0
5003,4.94266802343895
5004,0.291538940006293
5005,0.883469923748146
5006,1.10755151491506
5007,0.411448518703399
5008,2.8781957312062
5009,2.60513320641232
5010,0
5011,0
5012,0
5013,0
5014,0
5015,8.59244586918097
5016,0.772471489545357
5017,2.00721495398401
5018,1.28144994820201
5019,0.745091496612104
5020,2.40001021275681
5021,0.0950511296145572
5022,0
5023,0
5024,0
5025,0
5026,0.867549242497734
5027,4.6589696957229
5028,4.9822839564008
5029,0.405076888490034
5030,1.52104986857799
5031,0.172522368330754
5032,2.4697366931961
5033,2.57704066549721
5034,0
5035,0
5036,0
5037,0
5038,0
5039,5.75308779026347
5040,0.794994941439284
5041,1.05002333053622
5042,0.773771740926346
5043,1.88365669685544
5044,2.01555117161245
5045,0
5046,0
5047,0
5048,0
5049,0
5050,4.69225222788585
5051,1.45413208880003
5052,2.23462006677968
5053,1.29735128859021
5054,0.934333208997389
5055,2.75756360714788
5056,1.8523863217579
5057,1.40738503045336
5058,0
5059,0
5060,0
5061,0
5062,0.0673904217611156
5063,2.39476272406828
5064,0.543384969076114
5065,2.65673108797947
5066,0.806883899921504
5067,1.17027051640964
5068,0.411573224140122
5069,0.952514630734746
5070,0
5071,0
5072,0
5073,0
5074,1.36890081446984
5075,0.587537495702325
5076,7.18608875197743
5077,2.84473643923363
5078,0.0362650814364328
5079,0.20951559283552
5080,0.687667858422228
5081,3.15753515533094
5082,0
5083,0
5084,0
5085,0
5086,0
5087,1.4474486542681
5088,1.26149311060503
5089,0.760798651545806
5090,0.992350276896773
5091,0.144691320806728
5092,1.34959130115533
5093,1.53705201996838
5094,0
5095,0
5096,0
5097,0
5098,0
5099,8.56965711882501
5100,2.51197575840919
5101,2.24005813622083
5102,2.35389337608869
5103,0.434948488405258
5104,0.48239473851746
5105,0.611284176658317
5106,0
5107,0
5108,0
5109,0
5110,0
5111,0.926845556962155
5112,2.31248933480633
5113,2.50982610493209
5114,1.78035122754655
5115,0.718557805509696
5116,2.41997288691327
5117,1.19364189246104
5118,0
5119,0
5120,0
5121,0
5122,0.0333326074688832
5123,6.91413487732267
5124,1.95845563247971
5125,0.563298590032615
5126,1.73610430404562
5127,0.257163840621861
5128,2.36701628098974
5129,1.52356411827442
5130,3.3793148686057
5131,0
5132,0
5133,0
5134,0
5135,6.18446146048315
5136,0.768444014287053
5137,2.5274264006109
5138,1.31393331023743
5139,1.3166099231354
5140,2.45802183294622
5141,1.32197230488774
5142,0.0497154803681715
5143,0
5144,0
5145,0
5146,1.77847876174941
5147,6.97850737312046
5148,0.801042435770165
5149,0.936844587002163
5150,0.90033686257321
5151,0.322385599714038
5152,1.38501914047121
5153,2.31020830498087
5154,0
5155,0
5156,0
5157,0
5158,0
5159,4.76452266800125
5160,2.71617818814311
5161,0.531528012667392
5162,0.973980384785472
5163,2.16441531092235
5164,0.586427079352386
5165,1.11310256893672
5166,0
5167,0
5168,0
5169,0
5170,0
5171,2.60031172801315
5172,1.44767609459597
5173,2.1901294213527
5174,2.14052936971746
5175,0.701075519745318
5176,1.12665131917649
5177,2.47153488457679
5178,0
5179,0
5180,0
5181,0
5182,0
5183,7.3867418607579
5184,2.00127641871979
5185,0.36421496896892
5186,0.435879355088111
5187,0.366203162440899
5188,1.75555675433989
5189,0.193256472038044
5190,0
5191,0
5192,0
5193,0
5194,0
5195,3.80020772298008
5196,1.47056168743524
5197,2.43760834087667
5198,2.47381036656464
5199,0.332660509400001
5200,0.350046616962074
5201,2.00249258742567
5202,0
5203,0
5204,0
5205,0
5206,0
5207,6.56464381836664
5208,0.321420350719771
5209,2.42892974109509
5210,1.7439979056781
5211,0.37324918249502
5212,0.139497452407054
5213,1.36704266697579
5214,0
5215,0
5216,0
5217,0
5218,0
5219,11.4826337379615
5220,2.35846901008972
5221,2.31381769739362
5222,0.712483591807785
5223,1.03148550042545
5224,2.5474839743315
5225,1.7469279034197
5226,0
5227,0
5228,0
5229,0
5230,0
5231,0.0478511559730993
5232,1.65214104724329
5233,0.35530999298904
5234,0.0701420233080494
5235,2.26629332437298
5236,1.1693355536735
5237,5.08842291787763
5238,0
5239,0
5240,0
5241,0
5242,0
5243,18.681285697284
5244,0.11083007404168
5245,0.0846745995124517
5246,0.946702769244193
5247,0.838047313462773
5248,0.338925686312102
5249,2.07628954570842
5250,0
5251,0
5252,0
5253,0.211838323835008
5254,0
5255,6.66830176734796
5256,0.899383898846456
5257,1.18431927535049
5258,0.818588681763214
5259,0.778841680312934
5260,1.53711638877079
5261,1.86973359003571
5262,0
5263,0
5264,0
5265,0
5266,1.29515833621055
5267,0.532441964006197
5268,0.419186040929625
5269,2.24225522757831
5270,1.78613332514659
5271,0.965008054242499
5272,0.84022349603864
5273,2.2805384410959
5274,0
5275,0
5276,0
5277,0
5278,5.257453014046
5279,3.36554120860711
5280,0.491329376878189
5281,2.67616956418927
5282,2.76129496068008
5283,1.94938672712256
5284,2.13900871718885
5285,0.852902521675169
5286,0
5287,0
5288,0
5289,0
5290,0
5291,5.87773860003911
5292,0.0191578020249754
5293,3.06887608388329
5294,2.24701224906774
5295,0.498517150506909
5296,1.15962690545179
5297,0.536571759348711
5298,0
5299,0
5300,0
5301,0
5302,0
5303,5.63953021701866
5304,5.16158283769751
5305,2.031308328465
5306,2.3206884324718
5307,2.3593310011216
5308,2.5639668530352
5309,0.0210241717116231
5310,0
5311,0
5312,0
5313,0
5314,3.9873829568969
5315,3.21956968224248
5316,1.51219897643741
5317,2.4433181406918
5318,1.00933690819417
5319,0.458374808385369
5320,2.48571287072312
5321,0.224617976177101
5322,0
5323,0
5324,0
5325,0
5326,0
5327,1.80019459439611
5328,3.70513698057126
5329,0.727989778179739
5330,0.491977691481879
5331,1.31821496336704
5332,1.62286757783862
5333,1.77262376217877
5334,0
5335,0
5336,0
5337,0
5338,0
5339,7.56102925459557
5340,0.578702022313922
5341,1.78888863967085
5342,1.48874917163257
5343,2.37557629623902
5344,2.46072978650586
5345,3.70383337676044
5346,0
5347,0
5348,0
5349,0
5350,0.451147904618279
5351,6.65449757259683
5352,0.466332247239122
5353,0.983740691603707
5354,1.16040433902236
5355,1.78652913669733
5356,0.529612121987157
5357,0.3454396797973
5358,0
5359,0
5360,0
5361,0
5362,0.640900000474089
5363,12.4922383287317
5364,0.766632206777946
5365,0.174029685736197
5366,1.1975508691994
5367,0.659946660905531
5368,0.0368824892550845
5369,0.669175594488329
5370,0
5371,0
5372,0
5373,0
5374,0.257737016893984
5375,5.05852591905119
5376,0.254589661991841
5377,0.27277274124422
5378,2.26353151315149
5379,1.73446125374529
5380,1.8522378108257
5381,0.344756019276602
5382,0
5383,0
5384,0
5385,0
5386,0
5387,3.12031378797958
5388,1.40714497601317
5389,0.236354023720948
5390,1.76500034248021
5391,2.52106083195434
5392,1.02358840496888
5393,0.720572992898844
5394,0
5395,0
5396,0
5397,0
5398,0.207964092074886
5399,0.578917351095114
5400,1.11736226520927
5401,1.90862004726421
5402,1.64147935894445
5403,1.35936249054028
5404,0.036499422140636
5405,0
5406,0
5407,0
5408,0
5409,0
5410,0
5411,0.0734762458450983
5412,2.48382421153965
5413,1.68313217383196
5414,1.23537340107452
5415,2.6131096702265
5416,0.884818369044618
5417,0.711386612477866
5418,0
5419,0
5420,0
5421,0
5422,0.201562766058526
5423,5.59312197903972
5424,0.75941572406497
5425,1.15376568382995
5426,1.52529872295489
5427,1.46602119049813
5428,2.42222944098026
5429,1.15714212793789
5430,0
5431,0
5432,0
5433,0
5434,5.23512010443738
5435,3.98404763681598
5436,2.29776687171065
5437,0.145357123958318
5438,0.926858671199268
5439,1.44786819386469
5440,0.0800026257952806
5441,0.579208764473551
5442,0
5443,0
5444,0
5445,0
5446,0
5447,13.9388948450186
5448,0.441487141249613
5449,1.3027016526953
5450,1.17540219772215
5451,2.2837944120576
5452,1.30492489405324
5453,0.104014449617975
5454,0
5455,0
5456,0
5457,0
5458,0
5459,5.4994179269306
5460,2.28124309030269
5461,2.45129896742465
5462,1.24192283466453
5463,1.14977937231584
5464,0.088142125563169
5465,2.90539824593577
5466,0
5467,0
5468,0
5469,0
5470,0
5471,7.74996335087815
5472,5.89707491428809
5473,1.22784057025882
5474,1.44165191728814
5475,0.0192604591169597
5476,0.625086371674052
5477,0.971592560603025
5478,0
5479,0
5480,0
5481,0
5482,1.14975333350887
5483,5.2581734936618
5484,1.62906730461683
5485,2.52728769440028
5486,1.88861310342453
5487,0.196297437713375
5488,1.22780539670284
5489,3.9381825127804
5490,0
5491,0
5492,0.0772918049580113
5493,0
5494,0.230438723733865
5495,16.0963005159742
5496,2.33133824517336
5497,0.0827413875565295
5498,1.14122080877937
5499,0.687411728533322
5500,1.56346684799988
5501,0
5502,0
5503,0
5504,0
5505,0
5506,0
5507,9.62785462020166
5508,2.52676782926003
5509,0.640479973457465
5510,2.31365599406497
5511,1.18043623012243
5512,1.99011556976243
5513,0.904969301958244
5514,0
5515,0
5516,0
5517,0
5518,0
5519,0.152886445289362
5520,6.23797226171477
5521,2.22993907168878
5522,2.10831201282179
5523,2.61040800725538
5524,1.52004396096537
5525,1.09436417580323
5526,0
5527,0
5528,0
5529,0
5530,0
5531,1.41353156411246
5532,2.23034063609693
5533,0.930321861373967
5534,0.510908649630295
5535,1.36726259626704
5536,1.27836592674856
5537,0
5538,0
5539,0
5540,0
5541,0
5542,0
5543,2.085424730453
5544,0.182841980705687
5545,1.61641505729998
5546,1.28192210675983
5547,1.14873346164007
5548,1.98145917906928
5549,1.16572587432395
5550,0
5551,0
5552,0
5553,0
5554,0
5555,13.1054525183248
5556,4.02580255954163
5557,1.30787787762237
5558,2.38186086737219
5559,2.35117839525472
5560,0.146246198406524
5561,1.48254031649157
5562,0
5563,0
5564,0
5565,0
5566,0
5567,7.57587816191283
5568,2.02134138810036
5569,1.53915125223003
5570,0.47361941927706
5571,1.30546681884214
5572,1.98329244354391
5573,0.830343842939424
5574,0
5575,0
5576,0
5577,0
5578,0
5579,0.809545074048653
5580,1.93906659163263
5581,0.982962651075929
5582,2.08281235319775
5583,0.40906659939421
5584,2.68825273516101
5585,2.40873503244487
5586,0
5587,0
5588,0
5589,0
5590,2.31622523129805
5591,13.6797319244373
5592,0.53835362592844
5593,2.1112887391605
5594,2.41859844259871
5595,2.07776110963272
5596,2.28073352166597
5597,0.379561339796248
5598,0
5599,0
5600,0
5601,0
5602,1.75946212713175
5603,5.718652245024
5604,3.43326096967845
5605,1.77644701074104
5606,1.15591447182595
5607,0.420034783861114
5608,1.41915350095646
5609,0
5610,0
5611,0
5612,0.454555739215107
5613,0
5614,3.97968197871518
5615,2.33040775505798
5616,8.40039800787758
5617,1.90509461998548
5618,2.71845629037893
5619,1.0860436220462
5620,1.35775582999746
5621,0
5622,0
5623,0
5624,0
5625,0
5626,0
5627,0.86885971402421
5628,1.70999657848946
5629,0.388450381308528
5630,1.73645848422167
5631,0.126506015079715
5632,1.09591406555479
5633,1.09693231913031
5634,0
5635,0
5636,0
5637,0
5638,3.52720841177516
5639,7.47543385469841
5640,2.3042738672147
5641,1.76174841542265
5642,2.05553582863359
5643,0.621598700848062
5644,0.482489288788207
5645,0.000688754446346014
5646,0
5647,0
5648,0
5649,0
5650,0
5651,5.85241974770591
5652,1.53777714721073
5653,1.6460366869662
5654,0.617660355040105
5655,1.56086055525536
5656,2.1489624133342
5657,10.2532065825486
5658,0
5659,0
5660,0
5661,0
5662,5.30536672496318
5663,2.47288829626547
5664,0.589436459310023
5665,0.580971134847078
5666,2.16200361854903
5667,2.63614373836468
5668,1.06910833429061
5669,0
5670,0
5671,0
5672,0
5673,0
5674,0.806068958045994
5675,4.27434592995052
5676,0.635420617500076
5677,1.32010338674946
5678,3.03599973271407
5679,0.941371289918478
5680,0.362275883217987
5681,0.991086952411248
5682,0
5683,0
5684,0
5685,0
5686,0.0789111612886369
5687,2.05968248031574
5688,2.38180144789313
5689,0.147231856502492
5690,0.8255313415241
5691,2.45345901078471
5692,1.29415663849444
5693,3.82217953150655
5694,0
5695,0
5696,0
5697,0
5698,0.1421105101059
5699,7.81730568733724
5700,1.86898553572319
5701,0.840322602072058
5702,1.76523137497308
5703,1.65371651682595
5704,0.150240713528991
5705,0
5706,0
5707,0
5708,0
5709,0
5710,0
5711,6.3297958913281
5712,0.543103200871179
5713,2.53678920194809
5714,1.14634831360669
5715,1.62405964264635
5716,1.06092497542981
5717,9.16799750212689
5718,0
5719,0
5720,0
5721,0
5722,0
5723,1.55319554959217
5724,4.37961200921389
5725,0.161956570715125
5726,0.0367030827181366
5727,0
5728,0.417107656408839
5729,1.99341968293945
5730,0
5731,0
5732,0
5733,0
5734,0
5735,5.34056472954544
5736,2.43079108964963
5737,2.01974386784322
5738,0.567684477141106
5739,2.27625470887386
5740,1.41945392218725
5741,5.56503085531262
5742,0
5743,0
5744,0
5745,0
5746,0
5747,6.95484737825508
5748,0.306756557176329
5749,1.03624229041633
5750,2.59147848120396
5751,0.136365571260991
5752,1.50236694393002
5753,5.28326778373121
5754,0
5755,0
5756,0
5757,0
5758,0
5759,9.21590745543581
5760,0.180682617240727
5761,1.3728632942849
5762,0.815391149210535
5763,0.346762588360087
5764,0.437459393309201
5765,0
5766,0
5767,0
5768,0
5769,0
5770,0
5771,7.60343123556431
5772,2.28584150159308
5773,0.762658662992914
5774,1.4041738699983
5775,2.38763835364334
5776,2.22940255673899
5777,1.35082298969504
5778,0
5779,0
5780,0
5781,0
5782,0
5783,10.3861029234308
5784,0
